OBJECTID *,Shape *,FID_calwater_22_HR_Project,HR,FIRST_HRNA,FID_DAC_Place_2010_2014,DACP_Place_IDNumber,DACP_Place_Name,DAC_Population,DAC_Households,DAC_Median_Household_Income,DACP_area_a_,Shape_Length,Shape_Area,Int_area_a_,perc_int
619,Polygon,9,9,South Lahontan,370,600296,Adelanto city,31773,7392,35262,<Null>,130857.2908,214610031.3,53031.29364,#VALUE!
225,Polygon,5,5,Sacramento River,486,600310,Adin CDP,215,64,29583,3895,18772.57014,15764286.66,3895.440069,1.000112983
379,Polygon,6,6,San Joaquin,490,600535,Airport CDP,1547,472,21607,610,8521.946739,2468023.483,609.861884,0.99977358
20,Polygon,1,1,North Coast,492,600716,Albion CDP,295,100,12209,1979,15104.21621,7772150.68,1920.540259,0.970459959
21,Polygon,1,1,North Coast,493,600786,Alderpoint CDP,255,126,32688,2664,15567.17246,10778933.06,2663.532366,0.999824462
226,Polygon,5,5,Sacramento River,495,600982,Alleghany CDP,115,43,37663,375,8788.231488,1518453.267,375.217974,1.000581264
492,Polygon,7,7,Tulare Lake,497,601010,Allensworth CDP,480,118,25625,3029,15634.90128,12255946.34,3028.510296,0.999838328
227,Polygon,5,5,Sacramento River,498,601094,Almanor CDP,0,0,0,971,9153.609355,3927623.751,970.536965,0.999523136
493,Polygon,7,7,Tulare Lake,500,601164,Alpaugh CDP,969,243,26927,982,7984.429341,3974245.788,982.057522,1.000058576
219,Polygon,5,5,Sacramento River,393,601444,Alturas city,2714,1240,31087,2795,17291.54687,11312450.45,2795.367385,1.000131444
375,Polygon,6,6,San Joaquin,471,601514,Amador City city,164,86,48750,328,4592.806302,1325860.713,327.627317,0.998863771
106,Polygon,3,3,Central Coast,508,601651,Amesti CDP,3213,961,48617,3068,20268.6026,12417257.58,3068.371172,1.000120982
22,Polygon,1,1,North Coast,509,602028,Anchor Bay CDP,254,137,34191,3708,22367.09691,14619362.1,3612.523048,0.974251092
216,Polygon,5,5,Sacramento River,318,602042,Anderson city,10066,3884,35225,7324,42536.43044,29640641.31,7324.361978,1.000049424
159,Polygon,4,4,South Coast,512,602294,Anza CDP,2356,897,39489,25579,59543.26321,103471340.2,25568.32499,0.999582665
614,Polygon,9,9,South Lahontan,271,602364,Apple Valley town,70561,23987,48337,<Null>,95130.41479,286047463.2,70683.8675,#VALUE!
228,Polygon,5,5,Sacramento River,515,602420,Arbuckle CDP,3009,798,47639,1868,13092.23874,7557761.228,1867.563471,0.999766312
14,Polygon,1,1,North Coast,174,602476,Arcata city,17679,6891,30244,12308,65583.09628,49807819.37,12307.78021,0.999982142
229,Polygon,5,5,Sacramento River,516,602553,Arden-Arcade CDP,92844,40152,45750,18807,38305.76024,76107650.81,18806.61009,0.999979268
494,Polygon,7,7,Tulare Lake,517,602700,Armona CDP,3531,970,38622,1881,15522.53277,7612000.365,1880.966254,0.99998206
469,Polygon,7,7,Tulare Lake,285,602924,Arvin city,20028,4595,35359,4629,26423.02429,18733236.68,4629.083597,1.000018059
85,Polygon,2,2,San Francisco Bay,521,602980,Ashland CDP,23360,7610,45074,1882,15126.7944,7616790.092,1882.149821,1.000079607
620,Polygon,9,9,South Lahontan,522,603026,Aspen Springs CDP,54,16,0,3641,16001.18462,14732850.62,3640.566674,0.999880987
368,Polygon,6,6,San Joaquin,211,603162,Atwater city,28686,8672,41619,6209,37241.91519,25125369.88,6208.61411,0.99993785
380,Polygon,6,6,San Joaquin,525,603209,August CDP,8479,2259,28518,1291,11403.242,5224128.263,1290.910207,0.999930447
468,Polygon,7,7,Tulare Lake,227,603302,Avenal city,14553,2482,29302,19046,55203.74962,77076148.63,19045.93111,0.999996383
381,Polygon,6,6,San Joaquin,526,603316,Avery CDP,674,299,31719,4671,27205.59589,18902331.78,4670.867905,0.99997172
621,Polygon,9,9,South Lahontan,529,603512,Baker CDP,916,259,36838,2587,17270.32236,10469014.73,2586.949878,0.999980625
382,Polygon,6,6,San Joaquin,531,603708,Ballico CDP,333,110,41250,3075,14588.36287,12443228.25,3074.788664,0.999931273
230,Polygon,5,5,Sacramento River,532,603792,Bangor CDP,575,234,39500,14396,44959.4861,58258532.34,14395.99686,0.999999782
654,Polygon,10,10,Colorado River,187,603820,Banning city,30281,11739,39556,21537,96849.67765,84228306.44,20813.26779,0.966395867
612,Polygon,9,9,South Lahontan,57,604030,Barstow city,23110,7937,40648,<Null>,126008.9748,159626189.2,39444.49037,#VALUE!
383,Polygon,6,6,San Joaquin,533,604198,Bass Lake CDP,570,249,36250,2528,30552.87762,10228569.13,2527.534478,0.999815854
86,Polygon,2,2,San Francisco Bay,534,604415,Bay Point CDP,21586,6431,41749,7648,32106.69278,30951423.5,7648.26331,1.000034429
23,Polygon,1,1,North Coast,536,604478,Bayview CDP,2408,1020,26987,817,10986.76674,3307524.345,817.307065,1.000375845
231,Polygon,5,5,Sacramento River,537,604576,Beale AFB CDP,1342,363,42904,10762,35327.02236,43552498.86,10762.05685,1.000005282
384,Polygon,6,6,San Joaquin,538,604632,Bear Creek CDP,197,80,16719,58,2321.147033,234938.8547,58.054655,1.000942328
385,Polygon,6,6,San Joaquin,540,604730,Bear Valley CDP,201,92,16042,7392,30843.80956,29914825.97,7392.114484,1.000015488
232,Polygon,5,5,Sacramento River,543,604856,Belden CDP,46,30,0,792,17452.34954,3204929.174,791.955246,0.999943492
138,Polygon,4,4,South Coast,151,604870,Bell city,35896,8998,36496,2444,24218.43217,9889995.889,2443.871207,0.999947302
153,Polygon,4,4,South Coast,426,604996,Bell Gardens city,42712,9693,37103,2297,14308.54519,9297602.551,2297.487625,1.000212288
24,Polygon,1,1,North Coast,546,605262,Benbow CDP,314,124,47308,5339,28107.42815,21606289.24,5339.030344,1.000005683
622,Polygon,9,9,South Lahontan,549,605346,Benton CDP,178,112,26000,29282,60693.63862,118500256.5,29282.0511,1.000001745
233,Polygon,5,5,Sacramento River,551,606070,Berry Creek CDP,1292,555,41287,<Null>,118496.3996,249988838.4,61773.58727,#VALUE!
25,Polygon,1,1,North Coast,552,606150,Bertsch-Oceanview CDP,2568,806,35678,6629,29467.0304,24983720.31,6173.611737,0.931303626
386,Polygon,6,6,San Joaquin,553,606210,Bethel Island CDP,2158,1066,36845,5769,23228.40468,23346019.89,5768.92715,0.999987372
234,Polygon,5,5,Sacramento River,554,606336,Bieber CDP,127,49,42083,1912,14321.66081,7737676.344,1912.021465,1.000011226
160,Polygon,4,4,South Coast,555,606406,Big Bear City CDP,12563,5054,43404,30023,51754.55137,78360897.89,19363.39956,0.644952189
152,Polygon,4,4,South Coast,378,606434,Big Bear Lake city,5104,2174,41058,6136,52859.29198,24829644.32,6135.538731,0.999924826
235,Polygon,5,5,Sacramento River,556,606475,Big Bend CDP,87,49,23750,6552,31264.5597,26515150.86,6552.036468,1.000005566
221,Polygon,5,5,Sacramento River,422,606560,Biggs city,2010,593,40847,682,11194.09281,2761746.829,682.442504,1.000648833
671,Polygon,10,10,Colorado River,560,606635,Big River CDP,1061,581,23589,10630,33280.77329,42991693.07,10623.47872,0.999386521
495,Polygon,7,7,Tulare Lake,561,606728,Biola CDP,1017,227,26750,647,7071.043498,2618643.948,647.081012,1.000125212
618,Polygon,9,9,South Lahontan,343,606798,Bishop city,3851,1710,30395,1940,22854.71054,7849389.238,1939.626322,0.999807382
236,Polygon,5,5,Sacramento River,565,606994,Blairsden CDP,35,26,11250,588,8440.916575,2377633.771,587.5261,0.999194048
161,Polygon,4,4,South Coast,567,607064,Bloomington CDP,25228,5530,48985,5597,28202.42122,22649753.11,5596.875883,0.999977824
9,Polygon,1,1,North Coast,169,607162,Blue Lake city,1258,514,45750,697,12389.518,2821557.434,697.222026,1.000318545
672,Polygon,10,10,Colorado River,568,607172,Bluewater CDP,174,105,40417,1259,19793.38774,5047113.435,1247.168891,0.990602773
659,Polygon,10,10,Colorado River,282,607218,Blythe city,20101,5019,46393,24960,119609.0424,101004614,24958.78368,0.999951269
26,Polygon,1,1,North Coast,569,607246,Bodega CDP,156,109,29688,3024,18836.21235,12238935.89,3024.306921,1.000101495
496,Polygon,7,7,Tulare Lake,571,607274,Bodfish CDP,1961,1043,20121,7740,37729.11583,31323867.74,7740.296288,1.00003828
673,Polygon,10,10,Colorado River,573,607372,Bombay Beach CDP,171,119,15050,866,10017.04229,3503015.465,865.613973,0.999554241
27,Polygon,1,1,North Coast,578,607512,Boonville CDP,1090,367,35938,5883,36818.5776,23809437.47,5883.440128,1.000074814
387,Polygon,6,6,San Joaquin,579,607525,Bootjack CDP,959,365,41683,7189,31588.93395,29094310.39,7189.360668,1.000050169
623,Polygon,9,9,South Lahontan,580,607568,Boron CDP,2241,830,31333,13218,31262.88843,53491379.33,13218.00769,1.000000582
107,Polygon,3,3,Central Coast,581,607578,Boronda CDP,1278,384,42333,549,7545.071338,2221755.451,549.007728,1.000014077
674,Polygon,10,10,Colorado River,582,607596,Borrego Springs CDP,2359,1143,36583,<Null>,79617.84246,161155365.7,39822.35811,#VALUE!
162,Polygon,4,4,South Coast,583,607624,Bostonia CDP,16460,5602,42333,1756,26457.84821,7104589.484,1755.582295,0.999762127
675,Polygon,10,10,Colorado River,585,607694,Boulevard CDP,434,178,12421,3537,20267.40789,14005983.65,3460.953933,0.97849984
497,Polygon,7,7,Tulare Lake,586,607750,Bowles CDP,182,39,31250,379,7112.573583,1533155.576,378.850993,0.999606842
664,Polygon,10,10,Colorado River,437,608058,Brawley city,25478,7455,41718,7005,35463.29427,28349491.18,7005.311833,1.000044516
388,Polygon,6,6,San Joaquin,589,608172,Bret Harte CDP,4998,1224,28279,560,10649.65978,2268148.649,560.471737,1.000842388
600,Polygon,8,8,North Lahontan,590,608240,Bridgeport CDP,761,292,39118,22608,65064.58844,91493174.18,22608.45571,1.000020157
28,Polygon,1,1,North Coast,593,608530,Brooktrails CDP,3589,1380,48097,7865,35543.3991,31829480.29,7865.235868,1.00002999
389,Polygon,6,6,San Joaquin,595,608716,Buck Meadows CDP,50,23,0,1790,17531.49266,7244115.397,1790.059898,1.000033463
237,Polygon,5,5,Sacramento River,596,608744,Bucks Lake CDP,14,9,0,11262,69031.7413,45574310.95,11261.65749,0.999969587
238,Polygon,5,5,Sacramento River,599,609122,Burney CDP,3172,1336,38214,5829,24009.72117,23588811.89,5828.92236,0.99998668
239,Polygon,5,5,Sacramento River,602,609318,Butte Meadows CDP,34,18,0,2348,20092.98619,9501979.309,2347.990222,0.999995836
498,Polygon,7,7,Tulare Lake,604,609332,Buttonwillow CDP,1371,378,34274,6689,36413.83512,27068280.31,6688.717732,0.999957801
390,Polygon,6,6,San Joaquin,606,609353,Bystrom CDP,3805,1160,25543,743,7817.400571,3006265.546,742.864395,0.99981749
676,Polygon,10,10,Colorado River,607,609360,Cabazon CDP,3266,880,40144,4557,27427.14803,18440960.42,4556.860559,0.999969401
665,Polygon,10,10,Colorado River,446,609710,Calexico city,39281,9213,35233,7821,29382.7134,31649984.61,7820.881519,0.999984851
499,Polygon,7,7,Tulare Lake,608,609822,California Hot Springs CDP,74,32,41250,731,8697.679923,2957438.851,730.799055,0.999725109
240,Polygon,5,5,Sacramento River,609,609834,California Pines CDP,367,159,41518,8620,34184.03881,34881880.16,8619.500302,0.99994203
143,Polygon,4,4,South Coast,202,609864,Calimesa city,8143,3351,42392,13856,48868.1819,56074441.28,13856.2962,1.000021377
658,Polygon,10,10,Colorado River,252,609878,Calipatria city,7599,1571,30911,3402,26078.37501,13766320.06,3401.731771,0.999921155
29,Polygon,1,1,North Coast,611,609990,Calpella CDP,424,164,44000,2736,18789.7568,11071206.24,2735.75464,0.999910322
241,Polygon,5,5,Sacramento River,612,610004,Calpine CDP,189,99,25938,770,12134.43599,3116050.07,769.992741,0.999990573
500,Polygon,7,7,Tulare Lake,613,610032,Calwa CDP,1330,330,18625,623,11176.84952,2521431.555,623.059306,1.000095194
164,Polygon,4,4,South Coast,623,610559,Camp Pendleton North CDP,6436,1244,37075,8322,38268.32216,33678794.44,8322.211348,1.000025396
165,Polygon,4,4,South Coast,624,610561,Camp Pendleton South CDP,12691,2943,43742,3679,24790.59722,14500703.9,3583.201969,0.973960851
242,Polygon,5,5,Sacramento River,625,610676,Camptonville CDP,150,84,28750,918,12624.40002,3713815.859,917.703885,0.999677435
243,Polygon,5,5,Sacramento River,626,610732,Canby CDP,693,106,41932,2633,16018.11507,10656528.35,2633.285502,1.000108432
501,Polygon,7,7,Tulare Lake,627,610816,Cantua Creek CDP,440,129,31181,3768,17819.11675,15246945.34,3767.602244,0.999894438
244,Polygon,5,5,Sacramento River,628,610914,Canyondam CDP,78,49,0,851,11933.71353,3445013.366,851.281342,1.000330602
245,Polygon,5,5,Sacramento River,629,611166,Caribou CDP,0,0,0,177,6800.221323,717801.7161,177.372667,1.002105463
30,Polygon,1,1,North Coast,631,611376,Carmet CDP,14,6,0,299,4466.282389,1102186.201,272.356142,0.910890107
31,Polygon,1,1,North Coast,634,611481,Carrick CDP,66,26,0,67,2481.272223,271294.81,67.038408,1.000573254
624,Polygon,9,9,South Lahontan,635,611600,Cartago CDP,38,33,46016,1158,13565.39121,4685152.046,1157.726284,0.99976363
502,Polygon,7,7,Tulare Lake,636,611614,Caruthers CDP,3338,754,44375,2009,12111.93525,8130919.418,2009.193944,1.000096538
108,Polygon,3,3,Central Coast,639,611754,Casmalia CDP,114,33,47031,179,5078.322023,726271.9884,179.465717,1.002601771
246,Polygon,5,5,Sacramento River,641,611782,Cassel CDP,349,146,34600,2357,16136.64915,9537385.044,2356.739169,0.999889338
653,Polygon,10,10,Colorado River,107,612048,Cathedral City city,52550,16840,43128,20233,62983.42624,81881150.77,20233.273,1.000013493
32,Polygon,1,1,North Coast,648,612146,Cazadero CDP,312,143,43875,7454,33278.99335,30166694.73,7454.35261,1.000047305
503,Polygon,7,7,Tulare Lake,650,612314,Cedar Slope CDP,0,0,0,684,8775.590599,2767895.619,683.961903,0.999944303
601,Polygon,8,8,North Lahontan,651,612328,Cedarville CDP,297,153,28274,6224,26373.95001,25186184.07,6223.641623,0.99994242
358,Polygon,6,6,San Joaquin,81,612524,Ceres city,46570,13110,46132,9526,46187.40683,38551195.55,9526.207883,1.000021823
247,Polygon,5,5,Sacramento River,654,612612,Challenge-Brownsville CDP,952,408,47959,10435,49923.67151,42228014.58,10434.76965,0.999977925
248,Polygon,5,5,Sacramento River,657,612818,Cherokee CDP,80,32,36875,2077,16004.80008,8404345.513,2076.759004,0.999883969
504,Polygon,7,7,Tulare Lake,658,612860,Cherokee Strip CDP,295,68,36250,88,3793.037507,354677.9724,87.642836,0.995941318
249,Polygon,5,5,Sacramento River,661,612930,Chester CDP,1978,829,40417,8117,41190.94282,32847937.32,8116.902082,0.999987937
204,Polygon,5,5,Sacramento River,155,613014,Chico city,87517,34314,42334,<Null>,152814.8114,145210039.6,35882.18222,#VALUE!
250,Polygon,5,5,Sacramento River,662,613077,Chilcoot-Vinton CDP,130,37,0,14341,45602.44909,57985140.43,14328.44025,0.999124207
625,Polygon,9,9,South Lahontan,663,613157,China Lake Acres CDP,1376,607,21970,5060,19506.67995,20478148.28,5060.260643,1.00005151
391,Polygon,6,6,San Joaquin,664,613182,Chinese Camp CDP,99,50,24722,926,8582.536134,3748699.5,926.32382,1.000349698
367,Polygon,6,6,San Joaquin,201,613294,Chowchilla city,18411,3873,36852,11228,47706.86404,45436232.93,11227.53767,0.999958824
251,Polygon,5,5,Sacramento River,669,613910,Clear Creek CDP,182,87,33021,1254,10502.44892,5076486.816,1254.427211,1.000340679
218,Polygon,5,5,Sacramento River,391,613945,Clearlake city,15121,6861,25532,11215,61434.42287,45385261.52,11214.94236,0.999994861
252,Polygon,5,5,Sacramento River,670,613966,Clearlake Oaks CDP,1547,814,27500,2282,20374.56981,9233969.77,2281.763622,0.999896416
253,Polygon,5,5,Sacramento River,671,613985,Clearlake Riviera CDP,2912,1226,43167,5537,30774.45508,22408839.54,5537.344843,1.00006228
254,Polygon,5,5,Sacramento River,674,614148,Clipper Mills CDP,0,0,0,1873,14689.94128,7579981.453,1873.054208,1.000028942
87,Polygon,2,2,San Francisco Bay,675,614232,Clyde CDP,680,279,41382,147,3989.041233,594261.925,146.84532,0.998947755
655,Polygon,10,10,Colorado River,204,614260,Coachella city,42576,9694,40423,26833,69140.60505,108589420.4,26833.03014,1.000001123
392,Polygon,6,6,San Joaquin,676,614288,Coarsegold CDP,1172,625,30216,11120,37781.99799,44999850.57,11119.70524,0.999973493
255,Polygon,5,5,Sacramento River,680,614450,Cold Springs CDP,623,207,49150,796,8558.058316,3221265.128,795.991948,0.999989884
393,Polygon,6,6,San Joaquin,681,614454,Cold Springs CDP,193,115,34963,1798,16265.94719,7277931.691,1798.416087,1.000231417
603,Polygon,8,8,North Lahontan,682,614484,Coleville CDP,395,116,45147,14461,45949.5336,58522948.98,14461.33563,1.000023209
215,Polygon,5,5,Sacramento River,317,614498,Colfax city,2424,969,46902,1496,27346.16764,6053844.711,1495.937607,0.999958293
128,Polygon,4,4,South Coast,58,614890,Colton city,53129,14885,39915,14992,84911.04697,60670498.15,14992.00659,1.00000044
394,Polygon,6,6,San Joaquin,686,614904,Columbia CDP,2456,1011,40313,6179,30154.7598,25004121.98,6178.653099,0.999943858
209,Polygon,5,5,Sacramento River,267,614946,Colusa city,5962,2097,45959,1958,29070.64416,7922589.473,1957.714494,0.999854185
154,Polygon,4,4,South Coast,428,614974,Commerce city,12975,3528,45846,6104,34464.74888,24701838.51,6103.957227,0.999992993
137,Polygon,4,4,South Coast,145,615044,Compton city,97663,23395,43230,9421,65518.56533,38123597.96,9420.546216,0.999951833
256,Polygon,5,5,Sacramento River,688,616035,Concow CDP,539,262,34773,30135,62763.14881,121951125.7,30134.77943,0.999992681
479,Polygon,7,7,Tulare Lake,369,616224,Corcoran city,23634,3615,34082,7369,55275.00668,29821816.86,7369.131432,1.000017836
202,Polygon,5,5,Sacramento River,97,616322,Corning city,7617,2345,36906,3868,37609.4412,15652217.71,3867.747229,0.999934651
257,Polygon,5,5,Sacramento River,694,616630,Cottonwood CDP,4178,1328,42660,2556,16419.06009,10342715.8,2555.740732,0.999898565
395,Polygon,6,6,San Joaquin,695,616644,Coulterville CDP,227,130,45000,4318,23761.78033,17476031.32,4318.421387,1.000097588
396,Polygon,6,6,San Joaquin,696,616651,Country Club CDP,10018,3747,43323,2152,23110.56947,8708716.494,2151.970711,0.99998639
33,Polygon,1,1,North Coast,698,616728,Covelo CDP,1444,524,26389,7750,34374.57466,31363939.2,7750.198161,1.000025569
397,Polygon,6,6,San Joaquin,699,616762,Cowan CDP,510,137,37656,160,3283.577635,645676.1909,159.550061,0.997187881
8,Polygon,1,1,North Coast,159,617022,Crescent City city,7295,1726,27885,2781,31766.03991,9009063.991,2226.188194,0.800499171
258,Polygon,5,5,Sacramento River,700,617050,Crescent Mills CDP,426,137,31655,4645,26955.25139,18797471.25,4644.956305,0.999990593
626,Polygon,9,9,South Lahontan,703,617162,Crestline CDP,9437,3920,47175,13126,36583.08348,46516996.07,11494.60006,0.875712331
259,Polygon,5,5,Sacramento River,707,617288,Cromberg CDP,172,128,32188,9821,47251.41486,39745281.61,9821.272973,1.000027795
398,Polygon,6,6,San Joaquin,709,617428,Crows Landing CDP,194,83,29018,3219,14812.40352,13026868.4,3219.009286,1.000002885
155,Polygon,4,4,South Coast,429,617498,Cudahy city,24073,5615,37759,1143,12519.5484,4627497.89,1143.479631,1.000419625
505,Polygon,7,7,Tulare Lake,710,617708,Cutler CDP,4224,996,18346,801,9325.934985,3242875.831,801.332069,1.000414568
109,Polygon,3,3,Central Coast,712,617727,Cuyama CDP,72,22,27188,437,5440.806447,1768164.052,436.922853,0.999823462
260,Polygon,5,5,Sacramento River,713,617995,Daphnedale Park CDP,20,9,0,1522,11397.322,6159825.151,1522.125944,1.000082749
627,Polygon,9,9,South Lahontan,714,618030,Darwin CDP,18,13,0,1327,18321.08428,5371622.396,1327.356801,1.000268878
472,Polygon,7,7,Tulare Lake,310,618394,Delano city,52883,10549,36244,13985,77887.01804,56593277.27,13984.50337,0.999964488
506,Polygon,7,7,Tulare Lake,719,618450,Delft Colony CDP,164,63,8456,65,2256.357776,263676.3109,65.155835,1.002397462
399,Polygon,6,6,San Joaquin,720,618464,Delhi CDP,9918,2838,46224,3569,19117.82176,14444105.68,3569.216245,1.00006059
261,Polygon,5,5,Sacramento River,721,618485,Delleker CDP,798,296,30878,3006,18047.33445,12163113.09,3005.570699,0.999857185
507,Polygon,7,7,Tulare Lake,723,618674,Del Rey CDP,1489,374,31222,1213,9609.726386,4907599.087,1212.694144,0.999747852
508,Polygon,7,7,Tulare Lake,726,618926,Derby Acres CDP,324,145,34792,3444,22724.25489,13936604.75,3443.810034,0.999944841
677,Polygon,10,10,Colorado River,729,618986,Desert Edge CDP,4244,2184,30579,2113,13693.47887,8551057.303,2113.012277,1.00000581
656,Polygon,10,10,Colorado River,215,618996,Desert Hot Springs city,27678,9164,33575,28525,89581.43456,115436615.5,28525.0089,1.000000312
678,Polygon,10,10,Colorado River,731,619024,Desert Shores CDP,1039,284,30735,636,15971.78201,2573555.135,635.939323,0.999904596
88,Polygon,2,2,San Francisco Bay,736,619262,Dillon Beach CDP,82,55,44417,3101,20843.70056,11831484.23,2923.623425,0.942800202
481,Polygon,7,7,Tulare Lake,413,619318,Dinuba city,22828,5964,38509,6428,32297.39516,26014627.12,6428.354359,1.000055127
628,Polygon,9,9,South Lahontan,738,619406,Dixon Lane-Meadow Creek CDP,2447,1140,44792,3412,17119.42606,13807246.98,3411.845033,0.999954582
262,Polygon,5,5,Sacramento River,739,619416,Dobbins CDP,658,262,35469,8385,34069.07595,33931465.82,8384.647806,0.999957997
16,Polygon,1,1,North Coast,303,619584,Dorris city,1115,381,30179,832,10369.30068,3366666.535,831.921418,0.99990555
360,Polygon,6,6,San Joaquin,87,619612,Dos Palos city,5023,1487,33700,1356,18264.59708,5486781.227,1355.813168,0.999862218
400,Polygon,6,6,San Joaquin,743,619654,Dos Palos Y CDP,171,75,17708,1588,14784.66153,6426523.772,1588.028608,1.000018015
35,Polygon,1,1,North Coast,744,619724,Douglas City CDP,670,323,31645,27897,70017.88518,112894221.2,27896.76959,0.999991741
604,Polygon,8,8,North Lahontan,746,619878,Doyle CDP,382,219,21950,6674,28661.61222,27010562.87,6674.455442,1.000068241
509,Polygon,7,7,Tulare Lake,748,620032,Ducor CDP,646,176,28036,596,7095.318687,2413466.916,596.380663,1.000638696
197,Polygon,5,5,Sacramento River,36,620242,Dunsmuir city,1482,751,29464,1857,31915.69592,7515574.239,1857.138839,1.000074765
510,Polygon,7,7,Tulare Lake,751,620284,Dustin Acres CDP,295,128,48269,3533,18376.10981,14297752.69,3533.051632,1.000014614
605,Polygon,8,8,North Lahontan,753,620424,Eagleville CDP,70,32,28333,1101,13060.01056,4457585.271,1101.493309,1.000448055
511,Polygon,7,7,Tulare Lake,754,620438,Earlimart CDP,8310,1903,24968,2056,13231.13377,8322100.826,2056.435899,1.000212013
167,Polygon,4,4,South Coast,756,620697,East Hemet CDP,18188,5410,45374,4836,22373.99988,19571282.78,4836.169297,1.000035008
168,Polygon,4,4,South Coast,757,620802,East Los Angeles CDP,127610,31499,39103,6965,32373.1077,28184488.1,6964.538683,0.999933766
263,Polygon,5,5,Sacramento River,758,620900,East Nicolaus CDP,251,97,42566,4852,20596.37896,19635472.97,4852.03104,1.000006397
512,Polygon,7,7,Tulare Lake,761,620942,East Orosi CDP,321,70,29000,246,3994.845946,997101.3321,246.389105,1.001581728
513,Polygon,7,7,Tulare Lake,763,621012,East Porterville CDP,6585,1660,31900,2942,31831.83369,11906935.5,2942.267838,1.000091039
169,Polygon,4,4,South Coast,765,621034,East Rancho Dominguez CDP,15343,3214,44964,765,18343.0256,3097827.647,765.489882,1.000640369
401,Polygon,6,6,San Joaquin,769,621188,East Sonora CDP,2168,1156,43484,2559,19294.00908,10357787.16,2559.464948,1.000181691
514,Polygon,7,7,Tulare Lake,770,621210,East Tulare Villa CDP,951,263,45446,475,6430.232747,1921135.995,474.723043,0.999416933
36,Polygon,1,1,North Coast,772,621530,Edgewood CDP,30,11,34375,1164,13506.26784,4712111.733,1164.388167,1.000333477
515,Polygon,7,7,Tulare Lake,773,621558,Edmundson Acres CDP,274,54,35000,64,2764.512098,258691.6005,63.924087,0.998813859
149,Polygon,4,4,South Coast,344,621712,El Cajon city,101582,32088,45957,13151,86430.98473,53221999.63,13151.44252,1.000033649
666,Polygon,10,10,Colorado River,447,621782,El Centro city,43268,12752,41677,10081,44450.8303,40794819.65,10080.61947,0.999962253
264,Polygon,5,5,Sacramento River,781,622006,Elk Creek CDP,136,60,42500,1598,13969.63327,6468053.933,1598.290935,1.000182062
156,Polygon,4,4,South Coast,430,622230,El Monte city,115243,29793,38906,9022,39300.0727,36511598.36,9022.212442,1.000023547
402,Polygon,6,6,San Joaquin,784,622286,El Nido CDP,412,115,30956,3321,16297.02202,13438254.32,3320.66496,0.999899115
516,Polygon,7,7,Tulare Lake,786,622360,El Rancho CDP,16,7,0,71,2848.845103,287148.9233,70.956044,0.999380901
403,Polygon,6,6,San Joaquin,793,622622,Empire CDP,4296,1295,31446,1598,12993.59074,6468856.413,1598.489232,1.000306153
1,Polygon,1,1,North Coast,37,622972,Etna city,750,310,26711,868,12742.60403,3510841.98,867.547947,0.999479202
15,Polygon,1,1,North Coast,175,623042,Eureka city,27039,10758,38007,16156,70340.76345,65379137.37,16155.53668,0.999971322
482,Polygon,7,7,Tulare Lake,414,623126,Exeter city,10468,3308,41341,2431,20346.4745,9839833.238,2431.475746,1.0001957
404,Polygon,6,6,San Joaquin,797,623210,Fairmead CDP,1983,401,31058,7792,33701.48695,31534873.01,7792.436823,1.00005606
265,Polygon,5,5,Sacramento River,801,623532,Fall River Mills CDP,712,229,32824,3096,24262.50579,12529566.13,3096.123219,1.000039799
483,Polygon,7,7,Tulare Lake,415,623616,Farmersville city,10675,2551,32455,2230,21478.02731,9024982.688,2230.12179,1.000054614
405,Polygon,6,6,San Joaquin,802,623630,Farmington CDP,124,84,19886,2619,27316.32771,10600010.39,2619.31961,1.000122035
13,Polygon,1,1,North Coast,173,623910,Ferndale city,1456,696,45948,1140,9555.614126,4614286.281,1140.214972,1.000188572
406,Polygon,6,6,San Joaquin,806,623980,Fiddletown CDP,86,52,42500,4853,21593.86266,19638131.12,4852.687882,0.999935686
37,Polygon,1,1,North Coast,808,624022,Fields Landing CDP,130,93,16537,312,7494.198428,1262456.001,311.959672,0.999870744
374,Polygon,6,6,San Joaquin,468,624134,Firebaugh city,7935,2171,31312,3577,34536.37452,14477625.98,3577.499291,1.000139584
407,Polygon,6,6,San Joaquin,809,624218,Fish Camp CDP,44,29,0,923,9857.426436,3735201.241,922.988327,0.999987353
170,Polygon,4,4,South Coast,810,624477,Florence-Graham CDP,62815,14316,33992,3340,22579.14253,13515841.63,3339.837202,0.999951258
266,Polygon,5,5,Sacramento River,811,624498,Florin CDP,50791,15279,40183,9106,32722.64677,36850235.96,9105.891615,0.999988097
267,Polygon,5,5,Sacramento River,814,624722,Foothill Farms CDP,33024,11829,44590,4418,21732.11134,17879552.3,4418.133592,1.000030238
517,Polygon,7,7,Tulare Lake,816,624764,Ford City CDP,4154,1323,32134,1473,11346.20445,5960972.06,1472.988275,0.99999204
268,Polygon,5,5,Sacramento River,817,624834,Foresthill CDP,1345,578,34821,11874,45261.51849,48053298.31,11874.22861,1.000019253
269,Polygon,5,5,Sacramento River,819,624918,Forest Ranch CDP,1064,490,41649,15156,47933.57522,61334514.28,15156.08855,1.000005843
606,Polygon,8,8,North Lahontan,821,625030,Fort Bidwell CDP,161,78,23333,3715,25939.66355,15032919.81,3714.715385,0.999923388
19,Polygon,1,1,North Coast,341,625058,Fort Bragg city,7274,2887,34057,2990,38498.60011,11206144.26,2769.098552,0.926119917
2,Polygon,1,1,North Coast,38,625128,Fort Jones city,848,324,39500,690,13850.45916,2792447.942,690.028914,1.000041904
10,Polygon,1,1,North Coast,170,625296,Fortuna city,11863,4178,42450,5382,36801.70988,21781328.1,5382.283388,1.000052655
485,Polygon,7,7,Tulare Lake,469,625436,Fowler city,5908,1696,47731,2531,28958.38913,10242409.32,2530.954463,0.999982008
408,Polygon,6,6,San Joaquin,824,625488,Franklin CDP,6840,1964,34671,2038,15803.05142,8249342.941,2038.457034,1.000224256
270,Polygon,5,5,Sacramento River,825,625506,Franklin CDP,33,33,24531,2196,14684.33956,8886561.605,2195.917195,0.999962293
518,Polygon,7,7,Tulare Lake,826,625534,Frazier Park CDP,2730,958,43077,4821,27413.47587,19507028.5,4820.291718,0.999853084
271,Polygon,5,5,Sacramento River,828,625590,Freeport CDP,68,30,46250,46,4657.325734,187946.9374,46.4427,1.009623913
409,Polygon,6,6,San Joaquin,829,626028,French Camp CDP,4155,540,35833,3234,20048.82057,13087640.38,3234.026369,1.000008154
272,Polygon,5,5,Sacramento River,830,626056,French Gulch CDP,441,185,28750,13793,45405.63134,55820145.57,13793.45836,1.000033232
480,Polygon,7,7,Tulare Lake,390,627000,Fresno city,506132,160172,41455,<Null>,425877.8483,458344842.8,113259.4772,#VALUE!
410,Polygon,6,6,San Joaquin,832,627014,Friant CDP,263,181,18884,1308,12101.81245,5291809.003,1307.634482,0.999720552
273,Polygon,5,5,Sacramento River,834,627130,Fruitridge Pocket CDP,5802,1557,32853,637,9643.81323,2578139.657,637.072184,1.000113319
519,Polygon,7,7,Tulare Lake,835,627190,Fuller Acres CDP,924,262,33750,726,7762.714008,2939929.468,726.472393,1.000650679
629,Polygon,9,9,South Lahontan,837,628021,Furnace Creek CDP,187,158,33000,31165,69605.61191,126121036.1,31165.18674,1.000005992
38,Polygon,1,1,North Coast,838,628154,Garberville CDP,1061,506,29694,2997,28815.72355,12130288.59,2997.45959,1.00015335
136,Polygon,4,4,South Coast,143,628168,Gardena city,59682,20658,47856,5462,24257.35015,22103912.59,5461.995753,0.999999222
411,Polygon,6,6,San Joaquin,839,628182,Garden Acres CDP,11172,2870,38940,2670,15579.66966,10803929.99,2669.709242,0.999891102
679,Polygon,10,10,Colorado River,842,629112,Garnet CDP,6380,1928,37910,7346,27118.55532,29727269.03,7345.768154,0.999968439
39,Polygon,1,1,North Coast,843,629154,Gasquet CDP,500,243,35547,5565,28121.48426,22522726.5,5565.486923,1.000087497
40,Polygon,1,1,North Coast,844,629252,Gazelle CDP,76,46,21071,664,12231.68107,2686667.382,663.889968,0.999834289
274,Polygon,5,5,Sacramento River,845,629350,Georgetown CDP,2458,892,46136,16018,50923.87282,64823841.53,16018.32009,1.000019983
275,Polygon,5,5,Sacramento River,846,629392,Gerber CDP,1201,363,31781,1010,8525.110613,4085626.583,1009.580315,0.99958447
89,Polygon,2,2,San Francisco Bay,848,630028,Glen Ellen CDP,614,354,48750,2193,17367.25028,8872790.719,2192.514335,0.999778539
276,Polygon,5,5,Sacramento River,850,630339,Gold Mountain CDP,22,12,0,6605,26366.66969,26728212.51,6604.685148,0.999952331
172,Polygon,4,4,South Coast,852,630410,Good Hope CDP,8911,2166,34801,10430,34943.69772,42209998.94,10430.31789,1.000030478
277,Polygon,5,5,Sacramento River,853,630420,Goodyears Bar CDP,23,23,0,2227,18432.84057,9013019.447,2227.165609,1.000074364
520,Polygon,7,7,Tulare Lake,854,630476,Goshen CDP,3832,856,38162,1758,17387.61027,7113213.313,1757.713289,0.999836911
278,Polygon,5,5,Sacramento River,859,630714,Graniteville CDP,0,0,0,1599,20116.38821,6469332.251,1598.606814,0.999754105
224,Polygon,5,5,Sacramento River,442,630798,Grass Valley city,12861,5980,33325,5065,45179.72395,20497643.77,5065.078082,1.000015416
41,Polygon,1,1,North Coast,860,630812,Graton CDP,1626,706,37927,1650,13716.65556,6676994.791,1649.921345,0.99995233
412,Polygon,6,6,San Joaquin,861,630882,Grayson CDP,888,272,28068,2602,18167.4663,10529081.22,2601.79263,0.999920304
413,Polygon,6,6,San Joaquin,862,630900,Greeley Hill CDP,566,247,30766,21638,62451.56402,87565565.92,21637.92257,0.999996422
42,Polygon,1,1,North Coast,869,631134,Greenview CDP,183,85,14193,1578,15396.70268,6384129.311,1577.552709,0.999716546
279,Polygon,5,5,Sacramento River,870,631162,Greenville CDP,950,455,30766,8758,41960.27293,35443958.93,8758.392992,1.000044872
43,Polygon,1,1,North Coast,871,631246,Grenada CDP,421,216,30750,593,7625.458454,2399365.335,592.896086,0.999824766
222,Polygon,5,5,Sacramento River,423,631260,Gridley city,6566,2065,42542,2220,20986.06565,8982282.327,2219.570301,0.999806442
280,Polygon,5,5,Sacramento River,872,631288,Grimes CDP,419,123,40947,2404,16659.09109,9730142.537,2404.370583,1.000154153
414,Polygon,6,6,San Joaquin,874,631372,Groveland CDP,725,337,31932,9832,38007.44739,39789465.46,9832.191042,1.000019431
102,Polygon,3,3,Central Coast,412,631414,Guadalupe city,7160,1887,45456,1256,17766.15317,5081430.816,1255.6489,0.999720462
44,Polygon,1,1,North Coast,875,631470,Guerneville CDP,3775,2046,42712,10343,50153.45116,41856563.05,10342.98198,0.999998258
361,Polygon,6,6,San Joaquin,88,631568,Gustine city,5610,1903,38173,1570,26130.24181,6352010.571,1569.615995,0.999755411
281,Polygon,5,5,Sacramento River,879,631890,Hamilton City CDP,1718,503,32774,338,4697.400402,1367219.327,337.847253,0.999548086
45,Polygon,1,1,North Coast,880,632030,Happy Camp CDP,1153,526,25625,14233,70871.02115,57600790.09,14233.46521,1.000032685
521,Polygon,7,7,Tulare Lake,882,632156,Hardwick CDP,184,47,18250,137,3726.715026,555843.2926,137.351869,1.002568387
522,Polygon,7,7,Tulare Lake,883,632324,Hartland CDP,0,0,0,608,7951.648145,2462490.596,608.494678,1.000813615
282,Polygon,5,5,Sacramento River,886,632408,Hat Creek CDP,215,117,36027,<Null>,89818.37435,227107518,56119.48987,#VALUE!
157,Polygon,4,4,South Coast,439,632506,Hawaiian Gardens city,14432,3799,39073,892,9402.542187,3611651.87,892.458613,1.00051414
123,Polygon,4,4,South Coast,6,632548,Hawthorne city,85889,29145,44384,5676,40311.31924,22970644.98,5676.169991,1.000029949
46,Polygon,1,1,North Coast,887,632562,Hayfork CDP,2372,1001,28287,<Null>,133170.3111,323974331.2,80055.80069,#VALUE!
680,Polygon,10,10,Colorado River,888,633084,Heber CDP,4256,1030,35153,1345,11397.98892,5443318.391,1345.073268,1.000054474
130,Polygon,4,4,South Coast,105,633182,Hemet city,81203,30585,33932,25837,85076.54697,104557737.9,25836.7797,0.999991474
615,Polygon,9,9,South Lahontan,273,633434,Hesperia city,91757,26203,44472,<Null>,164705.3293,279169910,68984.38709,#VALUE!
415,Polygon,6,6,San Joaquin,891,633504,Hickman CDP,479,170,48000,1108,11522.58845,4485706.011,1108.442095,1.000399003
173,Polygon,4,4,South Coast,894,633574,Highgrove CDP,4067,1130,41087,3005,20690.82542,12162449.34,3005.406684,1.000135336
47,Polygon,1,1,North Coast,897,633935,Hiouchi CDP,413,137,46083,668,10540.03015,2703855.877,668.137338,1.000205596
667,Polygon,10,10,Colorado River,448,634246,Holtville city,6067,1666,29628,1047,14753.30159,4238638.25,1047.390322,1.0003728
523,Polygon,7,7,Tulare Lake,898,634281,Home Garden CDP,1787,464,32976,439,7965.418382,1775933.484,438.842721,0.999641733
174,Polygon,4,4,South Coast,900,634316,Homeland CDP,5921,1967,36516,3962,17653.269,16034914.43,3962.313647,1.000079164
681,Polygon,10,10,Colorado River,901,634392,Homestead Valley CDP,3366,1363,30527,31832,73367.97697,128818904.5,31831.84455,0.999995117
630,Polygon,9,9,South Lahontan,902,634405,Homewood Canyon CDP,20,20,0,10016,38307.56146,40531992.48,10015.67346,0.999967399
48,Polygon,1,1,North Coast,905,634652,Hopland CDP,587,273,38750,3788,20914.78368,15329843.47,3788.086818,1.000022919
49,Polygon,1,1,North Coast,906,634694,Hornbrook CDP,275,99,27083,1360,12324.79359,5504928.141,1360.297368,1.000218653
416,Polygon,6,6,San Joaquin,907,634708,Hornitos CDP,56,16,0,1188,9858.559656,4806720.95,1187.766614,0.999803547
50,Polygon,1,1,North Coast,908,634928,Humboldt Hill CDP,3704,1370,48134,4649,25270.13955,18812923.2,4648.774563,0.999951508
139,Polygon,4,4,South Coast,152,636056,Huntington Park city,58787,14637,34777,2814,24526.85302,11387875.78,2814.005389,1.000001915
471,Polygon,7,7,Tulare Lake,293,636084,Huron city,6777,1629,28896,1567,14989.27925,6341675.557,1567.062158,1.000039667
51,Polygon,1,1,North Coast,909,636098,Hyampom CDP,255,115,29952,22547,73847.17518,91246290.46,22547.44941,1.000019932
524,Polygon,7,7,Tulare Lake,911,636168,Idlewild CDP,32,12,0,448,7328.17756,1812549.191,447.890659,0.999755935
147,Polygon,4,4,South Coast,309,636294,Imperial Beach city,26857,8649,48117,4053,20707.71644,15685452.42,3875.959705,0.956318703
283,Polygon,5,5,Sacramento River,914,636364,Indian Falls CDP,23,15,0,2014,16521.58353,8152071.688,2014.420784,1.000208929
52,Polygon,1,1,North Coast,915,636420,Indianola CDP,889,384,40769,1579,13108.97536,6391349.204,1579.336783,1.000213289
660,Polygon,10,10,Colorado River,283,636448,Indio city,82539,25281,47922,28449,80771.37346,115130353.2,28449.32984,1.000011594
682,Polygon,10,10,Colorado River,916,636452,Indio Hills CDP,910,291,37386,20001,41126.52517,80943111.29,20001.47839,1.000023918
124,Polygon,4,4,South Coast,7,636546,Inglewood city,111133,36309,42249,8480,33451.33492,34315324.01,8479.50123,0.999941183
110,Polygon,3,3,Central Coast,921,636868,Isla Vista CDP,24792,5167,19237,1760,13493.57569,7009848.236,1732.171222,0.984188194
220,Polygon,5,5,Sacramento River,396,636882,Isleton city,792,306,30900,509,10606.6398,2060979.986,509.279246,1.000548617
525,Polygon,7,7,Tulare Lake,922,636910,Ivanhoe CDP,4044,1064,32783,1993,14033.49329,8064940.694,1992.890247,0.999944931
376,Polygon,6,6,San Joaquin,473,636980,Jackson city,4616,1818,41745,3887,34702.82504,15731267.3,3887.280807,1.000072243
683,Polygon,10,10,Colorado River,923,637022,Jacumba CDP,77,61,0,5543,24340.70995,22432998.75,5543.314713,1.000056777
417,Polygon,6,6,San Joaquin,924,637106,Jamestown CDP,3394,1537,38488,3090,22403.0761,12504439.17,3089.914211,0.999972237
631,Polygon,9,9,South Lahontan,928,637400,Johannesburg CDP,79,62,13906,2330,17210.57816,9427650.546,2329.623184,0.999838276
284,Polygon,5,5,Sacramento River,930,637512,Johnsville CDP,35,21,0,14980,50838.92233,60622079.19,14980.042,1.000002804
684,Polygon,10,10,Colorado River,931,637554,Joshua Tree CDP,7564,3085,38297,<Null>,50060.19617,140348647.6,34680.90611,#VALUE!
53,Polygon,1,1,North Coast,933,637596,Junction City CDP,920,271,37917,31178,73521.62358,126174392.2,31178.37132,1.00001191
632,Polygon,9,9,South Lahontan,936,637918,Keeler CDP,80,40,13824,1292,16282.56927,5227616.319,1291.772125,0.999823626
285,Polygon,5,5,Sacramento River,938,638024,Kelly Ridge CDP,2594,1242,38645,2102,20844.81964,8506413.016,2101.980433,0.999990691
286,Polygon,5,5,Sacramento River,939,638044,Kelseyville CDP,3516,1220,37606,3065,24883.89469,12403621.9,3065.001721,1.000000562
418,Polygon,6,6,San Joaquin,940,638065,Kennedy CDP,3487,847,37675,1248,13078.54823,5049549.967,1247.770971,0.999816483
526,Polygon,7,7,Tulare Lake,941,638076,Kennedy Meadows CDP,37,29,14408,5707,31233.61012,23094124.57,5706.682462,0.99994436
477,Polygon,7,7,Tulare Lake,342,638226,Kerman city,14110,3713,45539,3227,20421.88627,13057302.21,3226.529643,0.999854243
527,Polygon,7,7,Tulare Lake,947,638394,Kettleman City CDP,1648,347,41131,207,3869.88281,836893.9969,206.80101,0.999038696
419,Polygon,6,6,San Joaquin,948,638422,Keyes CDP,6364,1795,37421,2886,14537.90837,11679409.53,2886.044948,1.000015574
101,Polygon,3,3,Central Coast,362,638520,King City city,13171,2944,40500,3925,30250.03706,15883072.17,3924.792607,0.999947161
607,Polygon,8,8,North Lahontan,949,638548,Kings Beach CDP,3384,1164,39639,3675,23057.09577,14873440.42,3675.307169,1.000083583
287,Polygon,5,5,Sacramento River,951,638646,Kirkwood CDP,98,23,39375,5612,30286.07785,22712159.45,5612.296825,1.000052891
54,Polygon,1,1,North Coast,952,638702,Klamath CDP,955,342,30769,14334,71668.23662,57747282.33,14269.66423,0.995511667
288,Polygon,5,5,Sacramento River,954,638800,Knights Landing CDP,1161,426,45789,529,7646.164272,2140397.235,528.903675,0.999817911
144,Polygon,4,4,South Coast,240,639259,Laguna Woods city,16302,11377,36708,3095,27955.40713,12525074.59,3095.013334,1.000004308
608,Polygon,8,8,North Lahontan,966,639472,Lake City CDP,35,27,37750,6675,30250.01426,27012748.94,6674.995632,0.999999346
289,Polygon,5,5,Sacramento River,967,639483,Lake Davis CDP,45,30,0,5916,30938.4379,23942912.62,5916.422557,1.000071426
290,Polygon,5,5,Sacramento River,969,639514,Lakehead CDP,493,204,31136,5919,27971.30324,23954189.62,5919.209164,1.000035338
175,Polygon,4,4,South Coast,970,639556,Lake Hughes CDP,469,237,21932,10139,31128.70209,29579924.63,7309.358559,0.720915136
528,Polygon,7,7,Tulare Lake,971,639570,Lake Isabella CDP,3093,1417,22726,21497,74291.53767,86996167.72,21497.22121,1.00001029
176,Polygon,4,4,South Coast,972,639598,Lakeland Village CDP,11343,3551,41289,8092,50849.70961,32745580.74,8091.60922,0.999951708
634,Polygon,9,9,South Lahontan,973,639612,Lake Los Angeles CDP,11948,3388,40227,9271,32788.20628,37519817.61,9271.348844,1.000037627
529,Polygon,7,7,Tulare Lake,977,639696,Lake of the Woods CDP,539,292,33750,3353,27826.11453,13569343.06,3353.057692,1.000017206
214,Polygon,5,5,Sacramento River,306,639710,Lakeport city,4746,2001,36361,3398,25846.00713,13750590.9,3397.845011,0.999954388
177,Polygon,4,4,South Coast,979,639724,Lake San Marcos CDP,4679,2413,43125,1653,19071.53617,6689068.339,1652.904784,0.999942398
178,Polygon,4,4,South Coast,982,639836,Lakeview CDP,1723,443,47383,3031,15459.72236,12266003.88,3030.995568,0.999998538
530,Polygon,7,7,Tulare Lake,984,640088,Lamont CDP,16359,3606,33433,4451,22744.40529,18011973.34,4450.855543,0.999967545
531,Polygon,7,7,Tulare Lake,985,640116,Lanare CDP,398,88,47875,2000,12119.89704,8093267.447,1999.88994,0.99994497
613,Polygon,9,9,South Lahontan,139,640130,Lancaster city,159092,47872,49057,<Null>,252470.1395,363142430.4,89734.44879,#VALUE!
291,Polygon,5,5,Sacramento River,986,640312,La Porte CDP,12,12,0,4821,25722.6789,19509315.39,4820.856821,0.999970301
292,Polygon,5,5,Sacramento River,992,640536,Las Flores CDP,154,66,27763,391,5409.320186,1583326.877,391.248592,1.000635785
532,Polygon,7,7,Tulare Lake,994,640746,Laton CDP,1144,416,29865,1919,13631.00044,7766857.643,1919.232321,1.000121064
420,Polygon,6,6,San Joaquin,995,640872,La Vina CDP,436,78,31900,101,3017.311029,408485.5511,100.938978,0.999395822
129,Polygon,4,4,South Coast,96,640886,Lawndale city,33155,9597,48376,1838,13574.51876,7438754.568,1838.156285,1.00008503
55,Polygon,1,1,North Coast,996,640928,Laytonville CDP,1227,474,31190,5877,23096.15578,23781631.65,5876.569161,0.999926691
635,Polygon,9,9,South Lahontan,998,640998,Lee Vining CDP,234,32,0,5383,26522.56396,21782448.56,5382.56026,0.999918309
56,Polygon,1,1,North Coast,999,641026,Leggett CDP,54,26,43571,2941,27073.1823,11900971.63,2940.794135,0.999930002
421,Polygon,6,6,San Joaquin,1000,641040,Le Grand CDP,1823,509,38625,1153,9522.982977,4666673.508,1153.160137,1.000138887
533,Polygon,7,7,Tulare Lake,1001,641110,Lemon Cove CDP,214,99,34875,825,11164.41545,3337435.082,824.698169,0.999634144
293,Polygon,5,5,Sacramento River,1002,641142,Lemon Hill CDP,12767,3991,27101,1703,14599.40652,6892096.476,1703.074129,1.000043528
534,Polygon,7,7,Tulare Lake,1003,641166,Lemoore Station CDP,6913,1584,44632,4149,20541.67351,16789447.81,4148.762905,0.999942855
179,Polygon,4,4,South Coast,1004,641180,Lennox CDP,22039,5362,36573,1019,12199.38321,4124409.428,1019.163765,1.000160711
636,Polygon,9,9,South Lahontan,1005,641194,Lenwood CDP,3153,1042,42727,2110,18350.50684,8540028.758,2110.287064,1.000136049
57,Polygon,1,1,North Coast,1007,641278,Lewiston CDP,1480,590,33929,22301,50998.09108,90248727.61,22300.94626,0.99999759
294,Polygon,5,5,Sacramento River,1009,641390,Likely CDP,31,15,0,1510,16641.70569,6110733.748,1509.995194,0.999996817
295,Polygon,5,5,Sacramento River,1011,641572,Linda CDP,18634,5869,36063,9147,36935.20363,37014882.06,9146.576552,0.999953706
535,Polygon,7,7,Tulare Lake,1012,641656,Lindcove CDP,520,148,45625,675,6994.72189,2730685.815,674.76716,0.999655052
484,Polygon,7,7,Tulare Lake,416,641712,Lindsay city,12688,3245,30198,2570,23100.31825,10402387.03,2570.485816,1.000189033
536,Polygon,7,7,Tulare Lake,1014,641740,Linnell Camp CDP,561,164,20556,116,2919.912673,468114.8155,115.67369,0.997186983
296,Polygon,5,5,Sacramento River,1016,641789,Little Grass Valley CDP,0,0,0,10832,53399.15294,43834544.09,10831.75174,0.999977081
58,Polygon,1,1,North Coast,1017,641866,Little River CDP,38,18,0,1788,17776.86153,6703025.265,1656.353615,0.926372268
637,Polygon,9,9,South Lahontan,1018,641880,Littlerock CDP,2040,465,39745,1743,14214.70813,7053946.26,1743.068081,1.00003906
200,Polygon,5,5,Sacramento River,84,641936,Live Oak city,8500,2405,42349,3338,27494.3285,13508540.82,3338.033131,1.000009925
422,Polygon,6,6,San Joaquin,1020,642104,Lockeford CDP,3172,1254,45698,8694,33502.69569,35183925.17,8694.137252,1.000015787
370,Polygon,6,6,San Joaquin,248,642202,Lodi city,63158,21988,48662,14382,59788.39243,58199977.26,14381.52758,0.999967152
59,Polygon,1,1,North Coast,1023,642328,Loleta CDP,661,279,41094,2363,15392.47898,9563431.722,2363.175444,1.000074246
103,Polygon,3,3,Central Coast,433,642524,Lompoc city,43045,13359,47908,11068,48894.26412,44788991.27,11067.60077,0.99996393
537,Polygon,7,7,Tulare Lake,1027,642566,London CDP,2080,467,24816,624,6595.711104,2526061.172,624.20331,1.000325817
638,Polygon,9,9,South Lahontan,1028,642580,Lone Pine CDP,2017,831,31838,19106,55658.36536,77320612.74,19106.33951,1.00001777
423,Polygon,6,6,San Joaquin,1029,642622,Long Barn CDP,291,129,24388,2979,18957.12656,12056930.15,2979.332324,1.000111556
297,Polygon,5,5,Sacramento River,1030,643126,Lookout CDP,67,19,36635,6172,26999.35154,24976168.93,6171.74575,0.999958806
366,Polygon,6,6,San Joaquin,200,644028,Los Banos city,36626,10303,45665,10187,52275.47242,41226935,10187.3975,1.00003902
298,Polygon,5,5,Sacramento River,1033,644140,Los Molinos CDP,2184,845,36466,2423,17332.17459,9806611.166,2423.266393,1.000109943
538,Polygon,7,7,Tulare Lake,1037,644280,Lost Hills CDP,2194,452,31875,5400,25722.11647,21853988.36,5400.238129,1.000044098
299,Polygon,5,5,Sacramento River,1038,644350,Lower Lake CDP,1620,685,31781,2849,18424.87066,11530069.45,2849.14221,1.000049916
223,Polygon,5,5,Sacramento River,436,644364,Loyalton city,874,336,43000,385,5328.615522,1556221.374,384.550676,0.998832925
300,Polygon,5,5,Sacramento River,1041,644406,Lucerne CDP,3318,1258,20784,5307,29741.06106,21476826.15,5307.039317,1.000007409
685,Polygon,10,10,Colorado River,1042,644420,Lucerne Valley CDP,5767,1986,34024,<Null>,132827.2318,403081454.6,99603.59661,#VALUE!
126,Polygon,4,4,South Coast,24,644574,Lynwood city,70789,15206,41930,4510,26593.04387,18252657.26,4510.329836,1.000073134
301,Polygon,5,5,Sacramento River,1044,644672,Mabie CDP,52,38,0,3948,23890.62404,15976252.76,3947.818032,0.999953909
302,Polygon,5,5,Sacramento River,1045,644700,McArthur CDP,308,166,42935,1144,12637.85219,4629710.534,1144.026388,1.000023066
303,Polygon,5,5,Sacramento River,1046,644760,McClellan Park CDP,1103,275,23977,4249,24277.70246,17194982.85,4248.972796,0.999993598
539,Polygon,7,7,Tulare Lake,1047,644770,McClenney Tract CDP,6,4,0,601,7284.364025,2431266.645,600.779072,0.999632399
304,Polygon,5,5,Sacramento River,1048,644784,McCloud CDP,1111,516,31071,2820,17767.07921,11411971.73,2819.959627,0.999985683
60,Polygon,1,1,North Coast,1049,644812,Macdoel CDP,111,18,28500,171,4056.129237,691471.4774,170.866323,0.999218263
473,Polygon,7,7,Tulare Lake,311,644826,McFarland city,12784,2817,34750,2593,29523.82771,10495226.43,2593.426929,1.000164647
540,Polygon,7,7,Tulare Lake,1052,644924,McKittrick CDP,112,38,43000,2520,23186.32516,10198769.88,2520.170923,1.000067827
362,Polygon,6,6,San Joaquin,160,645022,Madera city,62559,16446,42027,15858,67419.9103,64174699.31,15857.91355,0.999994549
61,Polygon,1,1,North Coast,1056,645092,Mad River CDP,398,200,34907,<Null>,69666.61047,155072136.2,38319.15938,#VALUE!
305,Polygon,5,5,Sacramento River,1057,645120,Magalia CDP,11467,4855,39514,15229,57246.13282,61629780.25,15229.05036,1.000003307
541,Polygon,7,7,Tulare Lake,1058,645232,Malaga CDP,935,241,38350,273,4200.418766,1105233.247,273.109083,1.000399571
62,Polygon,1,1,North Coast,1059,645386,Manchester CDP,193,84,29118,2776,18431.76867,11235194.98,2776.277141,1.000099835
63,Polygon,1,1,North Coast,1060,645414,Manila CDP,673,337,32997,788,11599.21755,3189302.06,788.093702,1.000118911
306,Polygon,5,5,Sacramento River,1061,645512,Manton CDP,341,157,31250,19591,54383.95057,79280599.36,19590.66275,0.999982785
474,Polygon,7,7,Tulare Lake,312,645736,Maricopa city,1158,395,33750,1437,18685.20775,5817334.516,1437.494665,1.000344235
90,Polygon,2,2,San Francisco Bay,1064,645820,Marin City CDP,2958,1241,39872,552,7095.65481,2234613.762,552.185086,1.000335301
424,Polygon,6,6,San Joaquin,1065,645932,Mariposa CDP,1524,692,34881,3100,21989.16147,12545488.11,3100.057625,1.000018589
425,Polygon,6,6,San Joaquin,1067,646100,Martell CDP,94,85,13508,2436,17491.2704,9859259.995,2436.276202,1.000113383
199,Polygon,5,5,Sacramento River,56,646170,Marysville city,12144,4631,34942,3820,27216.8434,15458461.39,3819.868999,0.999965707
542,Polygon,7,7,Tulare Lake,1068,646223,Matheny CDP,1098,291,31208,422,6815.456657,1706142.228,421.596926,0.999044848
307,Polygon,5,5,Sacramento River,1070,646338,Maxwell CDP,1076,349,44625,2300,13689.34303,9306798.553,2299.760007,0.999895655
543,Polygon,7,7,Tulare Lake,1071,646400,Mayfair CDP,4512,1306,40625,517,7934.069808,2092943.326,517.177559,1.000343441
158,Polygon,4,4,South Coast,460,646492,Maywood city,27703,6287,36492,1100,11080.37542,4450651.323,1099.779893,0.999799903
180,Polygon,4,4,South Coast,1073,646520,Meadowbrook CDP,3447,1032,34815,6385,24499.64101,25838379.08,6384.802519,0.999969071
181,Polygon,4,4,South Coast,1076,646646,Mead Valley CDP,19851,4486,41962,17851,41517.50492,72239548.01,17850.78107,0.999987736
686,Polygon,10,10,Colorado River,1077,646660,Mecca CDP,8912,1986,26473,6433,22849.54993,26033375.61,6432.98721,0.999998012
486,Polygon,7,7,Tulare Lake,475,646828,Mendota city,11360,2884,25229,3295,32848.87005,13266828.98,3278.304836,0.994933182
369,Polygon,6,6,San Joaquin,212,646898,Merced city,80490,24950,38917,23537,134039.4604,95251959.33,23537.27175,1.000011545
687,Polygon,10,10,Colorado River,1083,647066,Mesa Verde CDP,1004,342,37891,4015,21004.77933,16248891.34,4015.188492,1.000046947
544,Polygon,7,7,Tulare Lake,1085,647164,Mettler CDP,88,31,42917,223,4141.83208,901046.4623,222.65343,0.998445874
545,Polygon,7,7,Tulare Lake,1086,647192,Mexican Colony CDP,216,63,17375,31,1497.8583,124368.2873,30.732073,0.991357194
308,Polygon,5,5,Sacramento River,1087,647332,Middletown CDP,1073,511,48965,1943,18491.27428,7864725.865,1943.416085,1.000214146
426,Polygon,6,6,San Joaquin,1088,647374,Midpines CDP,689,343,41063,25041,75736.3593,101337335.7,25041.00099,1.00000004
182,Polygon,4,4,South Coast,1089,647430,Midway City CDP,9104,2680,45581,563,12992.33092,2276910.027,562.636721,0.999354744
364,Polygon,6,6,San Joaquin,164,648354,Modesto city,205984,70310,47607,<Null>,194115.0421,185442985.6,45823.95969,#VALUE!
639,Polygon,9,9,South Lahontan,1100,648452,Mojave CDP,4172,1516,34500,<Null>,80076.75872,225929804.7,55828.47058,#VALUE!
546,Polygon,7,7,Tulare Lake,1102,648592,Monmouth CDP,184,68,34500,306,4676.582416,1239242.113,306.223395,1.000730049
640,Polygon,9,9,South Lahontan,1103,648602,Mono City CDP,67,22,31500,5606,23436.87108,22684855.97,5605.549988,0.999919727
427,Polygon,6,6,San Joaquin,1104,648641,Mono Vista CDP,1979,891,46250,2931,20339.62471,11863010.22,2931.413665,1.000141134
547,Polygon,7,7,Tulare Lake,1105,648676,Monson CDP,191,48,41667,488,6346.330026,1974731.782,487.96685,0.99993207
3,Polygon,1,1,North Coast,39,648690,Montague city,1504,574,42500,2062,16470.36261,8344093.392,2061.870381,0.999937139
148,Polygon,4,4,South Coast,335,648788,Montclair city,37685,10336,48767,5159,23103.4471,20877961.79,5159.056711,1.000010993
135,Polygon,4,4,South Coast,142,648816,Montebello city,63353,19674,47562,7819,36690.83293,31642613.3,7819.060031,1.000007678
64,Polygon,1,1,North Coast,1110,648928,Monte Rio CDP,1031,553,33681,2067,16921.25601,8363248.267,2066.603653,0.99980825
688,Polygon,10,10,Colorado River,1114,649348,Morongo Valley CDP,3605,1599,32295,23583,51521.08686,95435304.9,23582.57742,0.999982081
111,Polygon,3,3,Central Coast,1117,649488,Moss Landing CDP,200,70,30500,603,8758.21365,2153178.528,532.062001,0.882358211
183,Polygon,4,4,South Coast,1118,649544,Mountain Center CDP,75,18,0,1749,16069.39067,7078041.164,1749.022062,1.000012614
309,Polygon,5,5,Sacramento River,1119,649558,Mountain Gate CDP,1153,470,33906,2207,16656.2293,8929692.697,2206.57512,0.999807485
548,Polygon,7,7,Tulare Lake,1121,649600,Mountain Mesa CDP,454,156,38250,807,8561.511676,3266874.968,807.262385,1.000325136
428,Polygon,6,6,San Joaquin,1122,649628,Mountain Ranch CDP,1369,684,38630,<Null>,85496.12818,173488025.6,42869.82475,#VALUE!
91,Polygon,2,2,San Francisco Bay,1123,649651,Mountain View CDP,2299,998,43077,299,6006.753982,1210966.445,299.236325,1.000790385
65,Polygon,1,1,North Coast,1125,649768,Mount Hebron CDP,88,33,25368,822,8052.87285,3325368.105,821.716354,0.999654932
112,Polygon,3,3,Central Coast,1126,649796,Mount Hermon CDP,1027,385,48549,656,9183.392515,2656031.143,656.319589,1.000487178
184,Polygon,4,4,South Coast,1127,649810,Mount Laguna CDP,12,12,0,1544,16578.23247,6151373.467,1520.037487,0.984480238
213,Polygon,5,5,Sacramento River,304,649852,Mount Shasta city,3331,1666,43969,4281,35730.34148,17325977.8,4281.342354,1.000079971
429,Polygon,6,6,San Joaquin,1129,650034,Murphys CDP,1884,952,46885,10700,56186.60259,43299392.42,10699.51288,0.999954475
185,Polygon,4,4,South Coast,1130,650132,Muscoy CDP,11674,2260,35660,2948,20050.66233,11931682.39,2948.382929,1.000129895
66,Polygon,1,1,North Coast,1131,650146,Myers Flat CDP,57,26,0,536,6727.295626,2168393.757,535.821767,0.999667476
151,Polygon,4,4,South Coast,373,650398,National City city,59543,15523,39517,8257,66409.13305,33415892.54,8257.246873,1.000029899
661,Polygon,10,10,Colorado River,336,650734,Needles city,4923,1981,33045,29766,65916.3518,120459707.3,29766.24192,1.000008127
310,Polygon,5,5,Sacramento River,1133,651000,Newcastle CDP,1409,677,45865,2533,17644.12386,10252655.13,2533.486257,1.000191969
113,Polygon,3,3,Central Coast,1134,651028,New Cuyama CDP,591,212,34000,674,8021.358831,2725899.583,673.584456,0.999383466
67,Polygon,1,1,North Coast,1135,651042,Newell CDP,429,132,23182,2788,15362.29318,11284201.65,2788.386954,1.000138793
359,Polygon,6,6,San Joaquin,83,651140,Newman city,10553,3157,43722,2042,17343.45697,8263318.799,2041.910544,0.999956192
311,Polygon,5,5,Sacramento River,1136,651168,New Pine Creek CDP,84,51,31023,2649,17336.18171,10676306.62,2638.172821,0.99591273
312,Polygon,5,5,Sacramento River,1138,651294,Nice CDP,2156,1170,24149,1845,18538.9389,7465421.617,1844.745857,0.999862253
690,Polygon,10,10,Colorado River,1140,651392,Niland CDP,1063,409,17461,368,5949.422383,1490979.681,368.429103,1.001166041
313,Polygon,5,5,Sacramento River,1143,651574,Nord CDP,239,88,31923,2284,15073.57085,9241838.903,2283.708128,0.99987221
314,Polygon,5,5,Sacramento River,1145,651637,North Auburn CDP,14011,5123,48052,8276,51476.54298,33490791.73,8275.754866,0.99997038
641,Polygon,9,9,South Lahontan,1146,651812,North Edwards CDP,966,412,45658,12199,54059.4896,49367772.73,12199.04231,1.000003469
315,Polygon,5,5,Sacramento River,1150,651924,North Highlands CDP,44899,15088,40986,9279,38497.18475,37551450.13,9279.165409,1.000017826
92,Polygon,2,2,San Francisco Bay,1152,652162,North Richmond CDP,3926,1078,35288,1598,19222.31903,6465077.824,1597.555522,0.999721854
316,Polygon,5,5,Sacramento River,1153,652246,North San Juan CDP,281,87,27417,2598,16128.963,10513851.97,2598.029402,1.000011317
691,Polygon,10,10,Colorado River,1154,652302,North Shore CDP,3184,700,24853,10318,38152.99578,41755922.52,10318.11316,1.000010968
317,Polygon,5,5,Sacramento River,1156,652610,Nubieber CDP,15,7,0,853,9454.456639,3451343.774,852.84562,0.999819015
430,Polygon,6,6,San Joaquin,1160,652764,Oakhurst CDP,2482,988,39709,6089,37248.14808,24640156.36,6088.715237,0.999953233
93,Polygon,2,2,San Francisco Bay,1164,653196,Oakville CDP,59,13,0,1421,11186.6968,5750017.289,1420.860216,0.99990163
692,Polygon,10,10,Colorado River,1165,653224,Oasis CDP,5807,1297,24293,18127,50846.59312,73358604.24,18127.30588,1.000016874
114,Polygon,3,3,Central Coast,1167,653294,Oceano CDP,7355,2595,48629,1482,15044.42344,5935051.955,1466.583277,0.989597353
693,Polygon,10,10,Colorado River,1168,653378,Ocotillo CDP,221,64,21397,8034,27950.71226,32514287.54,8034.455426,1.000056687
549,Polygon,7,7,Tulare Lake,1169,653448,Oildale CDP,33879,12308,33818,6310,30410.947,25536544.1,6310.217472,1.000034465
642,Polygon,9,9,South Lahontan,1170,653490,Olancha CDP,287,112,41974,7768,32657.45999,31434803.57,7767.709128,0.999962555
318,Polygon,5,5,Sacramento River,1172,653602,Old Station CDP,52,18,0,2474,16083.03937,10010551.82,2473.661227,0.999863067
319,Polygon,5,5,Sacramento River,1173,653714,Olivehurst CDP,13928,4225,43044,7934,29453.82255,32108297.58,7934.133123,1.000016779
550,Polygon,7,7,Tulare Lake,1174,653910,Onyx CDP,599,217,27991,11209,44509.58633,45359763.07,11208.64156,0.999968022
487,Polygon,7,7,Tulare Lake,476,654008,Orange Cove city,9473,2337,27450,1784,17253.94422,7218349.542,1783.693017,0.999827924
68,Polygon,1,1,North Coast,1177,654218,Orick CDP,281,139,32656,5503,22898.77606,22268869.82,5502.757571,0.999955946
207,Polygon,5,5,Sacramento River,220,654274,Orland city,7451,2382,38425,3159,24423.30787,12782099.14,3158.525485,0.999849789
551,Polygon,7,7,Tulare Lake,1178,654372,Orosi CDP,8620,2031,34464,2430,16172.15072,9832938.719,2429.772073,0.999906203
205,Polygon,5,5,Sacramento River,156,654386,Oroville city,16015,5666,36581,14267,92658.0327,57737507.11,14267.24872,1.000017433
94,Polygon,2,2,San Francisco Bay,1180,654764,Pacheco CDP,4295,1649,48024,765,12410.29611,3094674.981,764.710842,0.999622016
115,Polygon,3,3,Central Coast,1181,655044,Pajaro CDP,2957,537,29179,929,9472.165004,3761170.522,929.405477,1.000436466
320,Polygon,5,5,Sacramento River,1183,655086,Palermo CDP,5419,1871,42371,31341,71648.09466,126831131.1,31340.65504,0.999988993
657,Polygon,10,10,Colorado River,216,655254,Palm Springs city,45827,22906,45497,<Null>,176725.336,356839104.6,88176.86307,#VALUE!
694,Polygon,10,10,Colorado River,1185,655422,Palo Verde CDP,17,17,0,544,7014.851084,2201415.975,543.981734,0.999966423
552,Polygon,7,7,Tulare Lake,1186,655506,Panorama Heights CDP,38,24,22500,463,5821.592055,1874839.053,463.282819,1.00061084
217,Polygon,5,5,Sacramento River,368,655520,Paradise town,26246,10917,41482,19876,40666.84828,80436549.04,19876.30413,1.000015302
643,Polygon,9,9,South Lahontan,1187,655528,Paradise CDP,235,110,48864,4431,21669.19352,17931478.15,4430.964749,0.999992044
127,Polygon,4,4,South Coast,46,655618,Paramount city,54813,13732,43784,4508,25107.17429,18241592.78,4507.595743,0.999910325
431,Polygon,6,6,San Joaquin,1189,655728,Parklawn CDP,1191,348,42105,170,3874.772144,687005.8312,169.762838,0.998604929
432,Polygon,6,6,San Joaquin,1190,655751,Parksdale CDP,3114,689,30069,1818,12802.07099,7357483.768,1818.073833,1.000040612
321,Polygon,5,5,Sacramento River,1191,655800,Parkway CDP,14756,4591,33959,2530,19071.37798,10240525.56,2530.488974,1.00019327
433,Polygon,6,6,San Joaquin,1192,655842,Parkwood CDP,2879,596,31908,700,8836.103822,2832742.563,699.985932,0.999979903
488,Polygon,7,7,Tulare Lake,477,655856,Parlier city,14750,3611,31832,2275,27147.76454,9207209.371,2275.150984,1.000066367
322,Polygon,5,5,Sacramento River,1194,656042,Paskenta CDP,52,26,36250,1176,13994.68885,4759589.703,1176.120229,1.000102236
553,Polygon,7,7,Tulare Lake,1195,656120,Patterson Tract CDP,2041,570,37688,1431,11926.94541,5790030.858,1430.747784,0.999823748
609,Polygon,8,8,North Lahontan,1196,656140,Patton Village CDP,592,301,46477,3642,19625.94022,14737264.64,3641.6574,0.999905931
323,Polygon,5,5,Sacramento River,1197,656182,Paxton CDP,0,0,0,365,15706.38677,1475221.31,364.535124,0.998726367
324,Polygon,5,5,Sacramento River,1198,656196,Paynes Creek CDP,41,23,44375,3783,20749.74809,15310174.09,3783.226408,1.000059849
644,Polygon,9,9,South Lahontan,1199,656294,Pearsonville CDP,23,6,0,4118,17588.76506,16665689.27,4118.181506,1.000044076
325,Polygon,5,5,Sacramento River,1201,656518,Penn Valley CDP,1599,616,43750,2264,13186.15137,9160774.589,2263.676699,0.999857199
146,Polygon,4,4,South Coast,284,656700,Perris city,71377,16242,48591,29267,86502.87535,118438481.5,29266.78616,0.999992693
69,Polygon,1,1,North Coast,1206,656854,Phillipsville CDP,77,77,23860,816,8556.906089,3302861.063,816.154743,1.000189636
70,Polygon,1,1,North Coast,1207,656868,Philo CDP,317,118,16667,2165,17532.02232,8762772.347,2165.328204,1.000151595
554,Polygon,7,7,Tulare Lake,1209,657011,Pierpoint CDP,23,12,0,401,6023.825452,1623122.904,401.082404,1.000205496
326,Polygon,5,5,Sacramento River,1210,657036,Pike CDP,126,48,35714,4642,26172.48455,18787182.16,4642.413814,1.000089146
116,Polygon,3,3,Central Coast,1211,657070,Pine Canyon CDP,2243,642,46683,3284,18505.08632,13289456.2,3283.896143,0.999968375
555,Polygon,7,7,Tulare Lake,1212,657134,Pine Flat CDP,130,81,30625,1135,13016.28607,4593446.551,1135.065362,1.000057588
434,Polygon,6,6,San Joaquin,1213,657148,Pine Grove CDP,1865,930,48571,7271,31908.98466,29426574.73,7271.464974,1.000063949
556,Polygon,7,7,Tulare Lake,1215,657240,Pine Mountain Club CDP,1890,825,45911,16057,35061.71732,55441653.84,13699.93102,0.853206142
645,Polygon,9,9,South Lahontan,1218,657302,Pi5on Hills CDP,6654,2443,42210,30298,50113.1197,122469054.7,30262.76247,0.998836969
435,Polygon,6,6,San Joaquin,1219,657330,Pioneer CDP,1237,577,42614,4498,28054.27898,18201092.55,4497.587917,0.999908385
188,Polygon,4,4,South Coast,1220,657372,Piru CDP,2078,559,46601,2672,19599.77252,10813971.96,2672.190666,1.000071357
557,Polygon,7,7,Tulare Lake,1221,657512,Pixley CDP,3769,831,28179,3050,16901.79652,12342980.26,3050.016845,1.000005523
206,Polygon,5,5,Sacramento River,217,657540,Placerville city,10415,3998,46199,6122,55090.83347,24775620.21,6122.189084,1.000030886
558,Polygon,7,7,Tulare Lake,1222,657568,Plainview CDP,858,203,25938,304,4905.0028,1230175.308,303.982939,0.999943878
436,Polygon,6,6,San Joaquin,1223,657582,Planada CDP,4465,1130,35690,1598,13768.63656,6464954.237,1597.524983,0.999702743
377,Polygon,6,6,San Joaquin,474,657834,Plymouth city,1185,421,44531,987,13926.70374,3993445.826,986.801954,0.999799345
6,Polygon,1,1,North Coast,64,657876,Point Arena city,405,182,30000,1429,17193.17296,5548648.981,1371.101023,0.959482871
95,Polygon,2,2,San Francisco Bay,1227,657960,Point Reyes Station CDP,848,409,36597,3741,26790.8466,15139513.28,3741.055204,1.000014756
327,Polygon,5,5,Sacramento River,1228,658030,Pollock Pines CDP,6540,2699,49044,8390,50573.70398,31468861.74,7776.125084,0.926832549
132,Polygon,4,4,South Coast,116,658072,Pomona city,151142,38894,48993,21467,59641.90801,86873073.75,21466.80403,0.999990871
559,Polygon,7,7,Tulare Lake,1229,658134,Ponderosa CDP,100,50,0,800,7850.380739,3236560.224,799.771449,0.999714311
560,Polygon,7,7,Tulare Lake,1230,658191,Poplar-Cotton Center CDP,2764,704,21434,1259,11890.06635,5096292.166,1259.32122,1.000255139
465,Polygon,7,7,Tulare Lake,209,658240,Porterville city,54949,16060,41267,17352,150835.3128,70221831.66,17352.1925,1.000011094
201,Polygon,5,5,Sacramento River,91,658352,Portola city,2710,1045,34134,5874,39283.07112,23769824.74,5873.651611,0.99994069
561,Polygon,7,7,Tulare Lake,1232,658422,Posey CDP,8,4,0,348,10157.54248,1407903.198,347.900457,0.999713957
562,Polygon,7,7,Tulare Lake,1233,658436,Poso Park CDP,4,2,0,42,2167.354525,171971.9562,42.495196,1.011790381
189,Polygon,4,4,South Coast,1234,658478,Potrero CDP,693,207,29554,2849,17952.89719,11527666.52,2848.548433,0.9998415
328,Polygon,5,5,Sacramento River,1236,658618,Prattville CDP,12,7,0,662,7442.123265,2679668.05,662.160396,1.00024229
329,Polygon,5,5,Sacramento River,1238,658814,Proberta CDP,280,103,34477,1566,11245.22146,6339177.535,1566.444883,1.000284089
330,Polygon,5,5,Sacramento River,1241,659080,Quincy CDP,1439,696,46875,4602,34014.36369,18625253.73,4602.400428,1.000087012
331,Polygon,5,5,Sacramento River,1242,659115,Rackerby CDP,139,43,48125,3172,20870.6936,12838594.54,3172.485802,1.000153153
438,Polygon,6,6,San Joaquin,1243,659220,Rail Road Flat CDP,369,161,29922,<Null>,76054.6697,139742159.6,34531.03964,#VALUE!
563,Polygon,7,7,Tulare Lake,1245,659290,Raisin City CDP,232,59,18750,756,8566.901165,3058388.29,755.744205,0.999661647
332,Polygon,5,5,Sacramento River,1251,659604,Rancho Tehama Reserve CDP,2300,877,26046,12793,41929.82528,51773132.61,12793.41968,1.000032806
646,Polygon,9,9,South Lahontan,1252,659668,Randsburg CDP,128,78,26813,1876,14986.74009,7591552.636,1875.91351,0.999953897
212,Polygon,5,5,Sacramento River,296,659892,Red Bluff city,14069,5097,32393,8425,73450.81039,34092843.83,8424.525179,0.999943641
439,Polygon,6,6,San Joaquin,1253,659896,Red Corral CDP,1601,610,30431,6102,36929.37959,24692036.08,6101.534994,0.999923794
71,Polygon,1,1,North Coast,1254,659906,Redcrest CDP,52,30,28750,661,8339.102921,2674086.184,660.781087,0.999668815
210,Polygon,5,5,Sacramento River,275,659920,Redding city,90725,34818,43773,<Null>,199371.5974,274877350.9,67923.67264,#VALUE!
72,Polygon,1,1,North Coast,1255,660088,Redway CDP,1132,487,37882,1394,9968.630706,5641549.813,1394.057319,1.000041118
489,Polygon,7,7,Tulare Lake,478,660242,Reedley city,24858,6792,46002,5182,40826.85783,20970941.87,5182.03259,1.000006289
333,Polygon,5,5,Sacramento River,1258,660592,Richfield CDP,278,114,42500,611,7650.270651,2472085.7,610.86568,0.999780164
564,Polygon,7,7,Tulare Lake,1259,660606,Richgrove CDP,3006,628,29792,441,6010.829188,1783240.983,440.648443,0.999202819
11,Polygon,1,1,North Coast,171,660900,Rio Dell city,3373,1425,39692,2678,25984.83646,10836806.09,2677.833103,0.999937678
695,Polygon,10,10,Colorado River,1265,661012,Ripley CDP,659,256,16522,1570,12344.12918,6354773.42,1570.29871,1.000190261
565,Polygon,7,7,Tulare Lake,1266,661096,Riverdale CDP,3881,888,48350,3888,24316.65364,15735862.07,3888.416199,1.000107047
440,Polygon,6,6,San Joaquin,1267,661106,Riverdale Park CDP,922,251,26838,1514,9928.86728,6126374.605,1513.860134,0.999907618
441,Polygon,6,6,San Joaquin,1268,661124,River Pines CDP,309,97,48285,383,7363.231269,1550896.386,383.234843,1.000613167
334,Polygon,5,5,Sacramento River,1269,662168,Robbins CDP,355,152,38158,2752,16726.79059,11135899.8,2751.740767,0.999905802
335,Polygon,5,5,Sacramento River,1270,662200,Robinson Mill CDP,0,0,0,1417,14150.67027,5734377.692,1416.995587,0.999996886
566,Polygon,7,7,Tulare Lake,1272,662496,Rodriguez Camp CDP,192,39,27596,257,4077.44249,1039365.298,256.832759,0.999349257
96,Polygon,2,2,San Francisco Bay,1274,662700,Rollingwood CDP,2832,644,48974,175,4905.369678,708116.5573,174.979412,0.999882354
134,Polygon,4,4,South Coast,141,662896,Rosemead city,54457,14604,44524,4840,34523.56466,19585445.07,4839.668874,0.999931586
336,Polygon,5,5,Sacramento River,1282,663106,Rough and Ready CDP,1195,437,42268,3389,25731.294,13715772.18,3389.241116,1.000071147
337,Polygon,5,5,Sacramento River,1283,663134,Round Mountain CDP,126,86,22115,1882,16040.04968,7616971.433,1882.194632,1.000103418
647,Polygon,9,9,South Lahontan,1284,663148,Round Valley CDP,436,164,45833,14044,32602.1144,56833074.77,14043.75862,0.999982813
442,Polygon,6,6,San Joaquin,1285,663168,Rouse CDP,1757,515,23618,244,6531.966934,985660.8763,243.562107,0.998205357
73,Polygon,1,1,North Coast,1288,663386,Ruth CDP,164,83,24028,<Null>,80386.92549,180577463.5,44621.663,#VALUE!
74,Polygon,1,1,North Coast,1291,664252,Salmon Creek CDP,59,42,34783,1161,12308.46317,4267635.597,1054.555722,0.908316729
696,Polygon,10,10,Colorado River,1292,664294,Salton City CDP,3867,1277,33906,19692,63609.17642,79690982.65,19692.07067,1.000003589
697,Polygon,10,10,Colorado River,1293,664308,Salton Sea Beach CDP,757,259,19934,277,7030.565158,1121793.581,277.201231,1.000726466
443,Polygon,6,6,San Joaquin,1295,664420,San Andreas CDP,2829,1204,40613,8711,34000.87991,35252148.87,8710.995693,0.999999506
118,Polygon,3,3,Central Coast,1297,664476,San Ardo CDP,647,198,42333,441,8257.58734,1782681.467,440.510184,0.998889306
145,Polygon,4,4,South Coast,272,665000,San Bernardino city,213044,57577,38774,<Null>,255889.3764,234818025.2,58024.79769,#VALUE!
99,Polygon,3,3,Central Coast,314,665112,Sand City city,355,154,34659,2912,7092.76478,1952468.58,482.465493,0.165681831
490,Polygon,7,7,Tulare Lake,479,667056,Sanger city,24587,6904,42094,5705,30466.49936,23087963.22,5705.159959,1.000028038
131,Polygon,4,4,South Coast,108,667112,San Jacinto city,45497,13269,46714,24279,71830.81215,98254132.91,24279.12499,1.000005148
467,Polygon,7,7,Tulare Lake,222,667126,San Joaquin city,4010,937,25545,1191,16839.93299,4821767.904,1191.484797,1.00040705
119,Polygon,3,3,Central Coast,1301,668140,San Lucas CDP,243,63,45417,387,6192.538672,1568016.021,387.465197,1.001202059
104,Polygon,3,3,Central Coast,465,668154,San Luis Obispo city,45911,17855,44894,12781,65433.33584,51723108.12,12781.05836,1.000004566
120,Polygon,3,3,Central Coast,1304,668266,San Miguel CDP,2638,754,47875,1635,15316.66904,6617190.733,1635.14344,1.000087731
84,Polygon,2,2,San Francisco Bay,332,668294,San Pablo city,29516,8967,42746,2712,20663.91944,10975010.34,2711.984118,0.999994144
121,Polygon,3,3,Central Coast,1306,668434,San Simeon CDP,477,180,33889,773,8803.452555,3019937.732,746.242865,0.965385336
444,Polygon,6,6,San Joaquin,1308,670028,Santa Nella CDP,1164,478,30000,4596,23553.54943,18601281.5,4596.476761,1.000103734
190,Polygon,4,4,South Coast,1314,670322,Saticoy CDP,1212,278,35926,349,6270.782491,1413161.466,349.199803,1.000572501
338,Polygon,5,5,Sacramento River,1315,670336,Sattley CDP,74,48,0,2214,17031.41961,8957943.182,2213.555967,0.999799443
648,Polygon,9,9,South Lahontan,1319,670728,Searles Valley CDP,1597,683,30478,10224,28191.89854,41374757.87,10223.92533,0.999992696
698,Polygon,10,10,Colorado River,1320,670798,Seeley CDP,1214,393,26761,1128,10001.92583,4565213.362,1128.088789,1.000078714
491,Polygon,7,7,Tulare Lake,480,670882,Selma city,23808,6540,43143,5109,33924.38564,20673468.32,5108.525275,0.999907081
567,Polygon,7,7,Tulare Lake,1321,670966,Sequoia Crest CDP,26,13,0,1006,8270.811471,4071294.858,1006.038869,1.000038637
568,Polygon,7,7,Tulare Lake,1323,671078,Seville CDP,437,91,34219,631,10258.4097,2553946.836,631.094007,1.000148981
475,Polygon,7,7,Tulare Lake,326,671106,Shafter city,17261,4434,41107,27029,94324.481,109381157.9,27028.67274,0.999987892
211,Polygon,5,5,Sacramento River,276,671225,Shasta Lake city,10143,4010,40295,12174,36031.10044,49264414.23,12173.50187,0.999959082
75,Polygon,1,1,North Coast,1328,671372,Shelter Cove CDP,516,219,23480,6372,25015.42058,24899655.04,6152.838757,0.96560558
339,Polygon,5,5,Sacramento River,1329,671414,Sheridan CDP,1465,415,47719,27610,51939.4203,111732584.4,27609.72289,0.999989963
649,Polygon,9,9,South Lahontan,1332,671680,Shoshone CDP,22,12,0,28099,44670.84958,113712242.2,28098.90698,0.999996689
340,Polygon,5,5,Sacramento River,1333,671774,Sierra Brooks CDP,418,164,41250,1481,15735.37779,5992963.309,1480.893485,0.999928079
341,Polygon,5,5,Sacramento River,1336,671848,Sierraville CDP,133,46,32500,5416,31818.46277,21916193.73,5415.609412,0.999927883
569,Polygon,7,7,Tulare Lake,1338,671932,Silver City CDP,0,0,0,571,6356.517918,2309818.005,570.768459,0.999594499
122,Polygon,3,3,Central Coast,1340,672086,Sisquoc CDP,276,83,43750,2128,16104.76881,8613648.129,2128.478807,1.000225003
699,Polygon,10,10,Colorado River,1341,672156,Sky Valley CDP,2493,973,34107,22646,60874.38977,91644035.71,22645.7344,0.999988272
342,Polygon,5,5,Sacramento River,1343,672282,Smartsville CDP,143,74,26100,765,11213.33909,3096830.961,765.243596,1.000318426
570,Polygon,7,7,Tulare Lake,1344,672338,Smith Corner CDP,661,137,36063,212,4450.610832,859395.0317,212.361137,1.001703476
76,Polygon,1,1,North Coast,1345,672380,Smith River CDP,871,307,32426,4611,25604.07405,18658507.68,4610.617657,0.99991708
445,Polygon,6,6,San Joaquin,1346,672408,Snelling CDP,116,68,38333,551,7458.749725,2228715.758,550.727658,0.999505731
343,Polygon,5,5,Sacramento River,1348,672492,Soda Springs CDP,80,65,28917,361,6834.066119,1459345.536,360.612135,0.998925582
100,Polygon,3,3,Central Coast,316,672520,Soledad city,26008,3735,46010,4524,41442.29589,18308636.62,4524.162637,1.00003595
365,Polygon,6,6,San Joaquin,198,672674,Sonora city,4844,2256,32985,3278,21449.23071,13264109.58,3277.632857,0.999887998
446,Polygon,6,6,San Joaquin,1351,672954,South Dos Palos CDP,2464,561,44180,1542,11667.13704,6238873.123,1541.659123,0.999778938
133,Polygon,4,4,South Coast,121,672996,South El Monte city,20375,4821,44498,2662,22913.51836,10774397.05,2662.411493,1.00015458
140,Polygon,4,4,South Coast,153,673080,South Gate city,95515,23386,43526,6855,37977.88652,27743214.03,6855.497486,1.000072573
599,Polygon,8,8,North Lahontan,388,673108,South Lake Tahoe city,21394,8585,41380,17586,54107.7332,71166579.12,17585.64468,0.999979795
344,Polygon,5,5,Sacramento River,1353,673178,South Oroville CDP,6058,1665,33605,3155,17171.36425,12767560.99,3154.933029,0.999978773
571,Polygon,7,7,Tulare Lake,1356,673388,South Taft CDP,1680,471,39784,1032,10269.45202,4176418.402,1032.015462,1.000014983
345,Polygon,5,5,Sacramento River,1360,673654,Spring Garden CDP,0,0,0,710,12564.44465,2874506.498,710.306025,1.000431021
346,Polygon,5,5,Sacramento River,1361,673690,Spring Valley CDP,1000,441,27404,5290,30658.28646,21408265.52,5290.097618,1.000018453
572,Polygon,7,7,Tulare Lake,1364,673710,Springville CDP,502,303,35038,4128,30507.25906,16704586.18,4127.79314,0.999949889
573,Polygon,7,7,Tulare Lake,1366,673815,Squirrel Mountain Valley CDP,372,180,42596,693,8966.311658,2802679.151,692.557101,0.999360896
142,Polygon,4,4,South Coast,191,673962,Stanton city,38455,11586,45842,2878,33256.32816,11644848.05,2877.504619,0.999827873
371,Polygon,6,6,San Joaquin,270,675000,Stockton city,297223,91304,45347,<Null>,276366.7423,270339907.3,66802.44592,#VALUE!
347,Polygon,5,5,Sacramento River,1374,675168,Storrie CDP,0,0,0,91,7384.629798,369956.6956,91.41829,1.004596593
574,Polygon,7,7,Tulare Lake,1375,675252,Stratford CDP,1301,377,23750,672,7545.492156,2720878.311,672.343673,1.000511418
575,Polygon,7,7,Tulare Lake,1376,675280,Strathmore CDP,3626,825,26250,1396,9965.93139,5649132.58,1395.931061,0.999950617
447,Polygon,6,6,San Joaquin,1378,675322,Strawberry CDP,228,76,0,550,8988.609278,2225161.781,549.849451,0.999726275
576,Polygon,7,7,Tulare Lake,1379,675588,Sugarloaf Mountain Park CDP,0,0,0,103,2696.486973,417431.8001,103.149644,1.001452854
577,Polygon,7,7,Tulare Lake,1380,675592,Sugarloaf Saw Mill CDP,0,0,0,95,2850.062911,384626.8806,95.043372,1.000456547
578,Polygon,7,7,Tulare Lake,1381,675596,Sugarloaf Village CDP,9,6,21250,65,2290.70227,264722.8964,65.414452,1.006376185
579,Polygon,7,7,Tulare Lake,1382,675672,Sultana CDP,813,207,24282,441,9386.116025,1784322.587,440.915714,0.999808875
372,Polygon,6,6,San Joaquin,383,677392,Sutter Creek city,2271,1180,41071,2736,32373.99253,11072605.01,2736.100285,1.000036654
448,Polygon,6,6,San Joaquin,1392,677595,Taft Mosswood CDP,1398,340,31829,500,8747.431463,2024838.979,500.348608,1.000697216
650,Polygon,9,9,South Lahontan,1400,678050,Tecopa CDP,115,60,12000,18207,59748.61683,73680286.78,18206.79537,0.999988761
470,Polygon,7,7,Tulare Lake,287,678092,Tehachapi city,13818,3269,42654,9562,56649.13545,37717684.91,9320.242917,0.974716892
203,Polygon,5,5,Sacramento River,98,678106,Tehama city,397,163,47679,868,8681.693619,3512028.755,867.841205,0.999817056
97,Polygon,2,2,San Francisco Bay,1401,678126,Temelec CDP,1505,948,40000,1651,12396.93823,6681395.262,1651.008725,1.000005285
77,Polygon,1,1,North Coast,1404,678176,Tennant CDP,115,45,14934,278,8495.259969,1125685.21,278.162873,1.000585874
580,Polygon,7,7,Tulare Lake,1406,678288,Terra Bella CDP,2912,687,24489,2663,16718.32929,10777296.05,2663.127851,1.00004801
581,Polygon,7,7,Tulare Lake,1407,678336,Teviston CDP,1823,407,24267,2124,14156.48902,8593701.339,2123.549848,0.999788064
700,Polygon,10,10,Colorado River,1408,678456,Thermal CDP,3570,949,26344,8747,32705.20148,35398195.22,8747.084533,1.000009664
348,Polygon,5,5,Sacramento River,1409,678470,Thermalito CDP,6911,2265,35156,13851,78579.94812,56052407.2,13850.85146,0.999989276
449,Polygon,6,6,San Joaquin,1410,678568,Thornton CDP,748,264,33500,2268,15546.3617,9180087.637,2268.449057,1.000197997
701,Polygon,10,10,Colorado River,1411,678596,Thousand Palms CDP,7956,2895,43813,21973,44066.20751,88920982.42,21972.85328,0.999993323
582,Polygon,7,7,Tulare Lake,1412,678638,Three Rivers CDP,2278,1116,43913,<Null>,97574.43692,178334702.7,44067.46474,#VALUE!
583,Polygon,7,7,Tulare Lake,1413,678652,Three Rocks CDP,51,11,0,744,8058.946292,3010810.521,743.987482,0.999983175
78,Polygon,1,1,North Coast,1414,678715,Timber Cove CDP,132,83,34554,5921,28633.79948,23494285.61,5805.564408,0.980504038
584,Polygon,7,7,Tulare Lake,1415,678750,Tipton CDP,2327,584,32239,991,7995.534541,4009853.89,990.856475,0.999855172
349,Polygon,5,5,Sacramento River,1416,678792,Tobin CDP,12,12,0,5481,25472.71925,22180264.4,5480.862696,0.999974949
98,Polygon,2,2,San Francisco Bay,1417,678890,Tomales CDP,155,99,38480,345,6605.400878,1395398.34,344.810439,0.999450548
585,Polygon,7,7,Tulare Lake,1419,678949,Tooleville CDP,387,124,29125,66,2036.681019,266695.0647,65.901786,0.998511909
610,Polygon,8,8,North Lahontan,1421,679030,Topaz CDP,123,56,0,4592,19549.03145,16690996.84,4124.435141,0.898178384
586,Polygon,7,7,Tulare Lake,1423,680266,Tranquillity CDP,897,256,24919,615,7500.560757,2489084.567,615.066191,1.000107628
587,Polygon,7,7,Tulare Lake,1424,680280,Traver CDP,910,195,38359,836,7485.701024,3383152.305,835.995141,0.999994188
12,Polygon,1,1,North Coast,172,680448,Trinidad city,236,142,42917,756,11728.26146,2037814.845,503.555015,0.666078062
79,Polygon,1,1,North Coast,1426,680476,Trinity Center CDP,239,136,26859,5880,40755.26752,23795610,5880.023287,1.00000396
80,Polygon,1,1,North Coast,1427,680483,Trinity Village CDP,211,111,32292,4497,24543.73915,18200355.97,4497.405906,1.000090262
651,Polygon,9,9,South Lahontan,1428,680515,Trona CDP,0,0,0,9068,27425.74661,36695754.5,9067.718414,0.999968947
466,Polygon,7,7,Tulare Lake,210,680644,Tulare city,60663,18064,46387,20141,79275.50243,81507213.06,20140.87098,0.999993594
5,Polygon,1,1,North Coast,60,680686,Tulelake city,1029,383,35208,477,6926.303787,1931501.048,477.284303,1.000596023
450,Polygon,6,6,San Joaquin,1430,680763,Tuolumne City CDP,1824,875,33030,2436,22231.0176,9857838.829,2435.925024,0.999969222
588,Polygon,7,7,Tulare Lake,1431,680784,Tupman CDP,176,45,45313,508,7686.39375,2057258.923,508.359751,1.000708171
451,Polygon,6,6,San Joaquin,1432,680882,Tuttle CDP,17,8,0,1782,12256.55215,7211362.289,1781.966429,0.999981161
452,Polygon,6,6,San Joaquin,1433,680896,Tuttletown CDP,949,406,47794,7595,33148.81345,30735961.49,7595.021488,1.000002829
350,Polygon,5,5,Sacramento River,1434,680952,Twain CDP,0,0,0,7859,38098.55877,31804929.2,7859.169163,1.000021525
453,Polygon,6,6,San Joaquin,1435,680966,Twain Harte CDP,2374,1125,43625,3843,24850.40826,15550766.87,3842.67818,0.999916258
662,Polygon,10,10,Colorado River,364,680994,Twentynine Palms city,25601,8217,40890,<Null>,106431.2597,224210061.6,55403.51281,#VALUE!
17,Polygon,1,1,North Coast,305,681134,Ukiah city,15956,6039,42237,5032,36985.42167,20365187.66,5032.347466,1.000069051
351,Polygon,5,5,Sacramento River,1437,681302,University of California-Davis CDP,6735,912,25462,1532,10675.57674,6201156.234,1532.339077,1.00022133
454,Polygon,6,6,San Joaquin,1438,681312,University of California-Merced CDP,0,0,0,1144,10710.97946,4631603.789,1144.494221,1.000432011
352,Polygon,5,5,Sacramento River,1439,681358,Upper Lake CDP,755,283,32438,1798,14563.1881,7278246.825,1798.493958,1.000274726
191,Polygon,4,4,South Coast,1442,681708,Valle Vista CDP,15995,5641,40010,6567,28969.83281,26575807.99,6567.02517,1.000003833
589,Polygon,7,7,Tulare Lake,1443,681722,Valley Acres CDP,717,227,47466,3961,20911.01893,16030154.41,3961.137421,1.000034694
81,Polygon,1,1,North Coast,1445,681778,Valley Ford CDP,167,100,9312,2752,18864.86035,11135070.94,2751.535953,0.999831378
455,Polygon,6,6,San Joaquin,1446,681792,Valley Home CDP,292,93,36964,1053,10194.63966,4262758.32,1053.350521,1.000332878
652,Polygon,9,9,South Lahontan,1449,681925,Valley Wells CDP,0,0,0,10488,40075.87386,42445097.13,10488.41192,1.000039275
611,Polygon,8,8,North Lahontan,1453,682334,Verdi CDP,92,64,4853,4509,22753.27127,18247016.71,4508.936026,0.999985812
125,Polygon,4,4,South Coast,15,682422,Vernon city,59,20,38500,4814,31356.52974,19483533.44,4814.485963,1.000100948
456,Polygon,6,6,San Joaquin,1454,682562,Victor CDP,605,144,19259,1301,10050.47313,5263622.729,1300.669502,0.999745966
616,Polygon,9,9,South Lahontan,277,682590,Victorville city,119603,31440,47142,<Null>,143323.0236,282653165,69845.11817,#VALUE!
353,Polygon,5,5,Sacramento River,1456,682786,Vina CDP,161,79,26250,1473,10947.10564,5962265.193,1473.307815,1.000208971
150,Polygon,4,4,South Coast,355,682996,Vista city,96181,30662,47782,17116,95701.47951,69267749.47,17116.43366,1.000025336
457,Polygon,6,6,San Joaquin,1461,683094,Volcano CDP,0,0,0,1568,16555.02283,6346314.664,1568.208506,1.000132976
458,Polygon,6,6,San Joaquin,1462,683108,Volta CDP,257,79,42464,4468,18436.01643,18079425.32,4467.523291,0.999893306
192,Polygon,4,4,South Coast,1466,683402,Walnut Park CDP,16039,3655,41202,698,8796.191741,2822818.939,697.533751,0.999332021
354,Polygon,5,5,Sacramento River,1468,683494,Warner Valley CDP,5,5,0,19282,52065.91277,78033300.53,19282.44849,1.00002326
476,Polygon,7,7,Tulare Lake,327,683542,Wasco city,25865,5264,39273,9143,50388.46007,37000459.57,9143.012677,1.000001387
355,Polygon,5,5,Sacramento River,1469,683570,Washington CDP,17,17,0,2038,26113.76567,8245840.388,2037.591535,0.999799576
363,Polygon,6,6,San Joaquin,163,683612,Waterford city,8579,2318,44660,2422,18175.06949,9801516.496,2422.007473,1.000003085
105,Polygon,3,3,Central Coast,481,683668,Watsonville city,52085,14148,46691,6806,44051.36677,27542039.16,6805.786093,0.999968571
590,Polygon,7,7,Tulare Lake,1471,683724,Waukena CDP,173,51,46750,927,10356.88659,3749648.731,926.55838,0.999523603
459,Polygon,6,6,San Joaquin,1472,683766,Wawona CDP,167,54,47656,6471,26182.52299,26188776.13,6471.387516,1.000059885
82,Polygon,1,1,North Coast,1473,683794,Weaverville CDP,3294,1387,42165,11636,48717.78132,47089152.7,11635.98304,0.999998542
4,Polygon,1,1,North Coast,40,683850,Weed city,2937,1090,29200,5460,35919.26674,22059629.89,5451.05326,0.998361403
591,Polygon,7,7,Tulare Lake,1474,683863,Weedpatch CDP,2170,583,28075,3424,15910.03732,13857249.97,3424.201039,1.000058715
592,Polygon,7,7,Tulare Lake,1475,683948,Weldon CDP,2604,1236,30988,26021,58334.80236,105303065.4,26020.95413,0.999998237
193,Polygon,4,4,South Coast,1477,684116,West Athens CDP,8615,2646,38371,1245,9680.140753,5039927.335,1245.393167,1.000315797
593,Polygon,7,7,Tulare Lake,1480,684345,West Goshen CDP,633,165,20350,1164,11466.11015,4710982.807,1164.109204,1.000093818
460,Polygon,6,6,San Joaquin,1482,684480,Westley CDP,853,174,18462,1778,12018.42932,7195376.561,1778.01627,1.000009151
461,Polygon,6,6,San Joaquin,1484,684578,West Modesto CDP,5534,1506,27297,2076,23846.71235,8402502.365,2076.303552,1.00014622
194,Polygon,4,4,South Coast,1485,684592,Westmont CDP,30835,10037,27072,1722,15496.44332,6970640.92,1722.482884,1.00028042
668,Polygon,10,10,Colorado River,450,684606,Westmorland city,1747,526,22372,539,11025.36271,2180694.417,538.861326,0.99974272
594,Polygon,7,7,Tulare Lake,1486,684680,West Park CDP,792,244,36389,1787,15078.37178,7233497.625,1787.43619,1.000244091
462,Polygon,6,6,San Joaquin,1487,684732,West Point CDP,743,337,28262,3882,20634.09177,15709306.07,3881.854068,0.999962408
195,Polygon,4,4,South Coast,1489,684780,West Rancho Dominguez CDP,21739,6119,44909,3706,23849.28488,14998446.74,3706.196904,1.000053131
356,Polygon,5,5,Sacramento River,1491,684928,Westwood CDP,1509,690,33452,6070,27451.86203,24564000.13,6069.896622,0.999982969
702,Polygon,10,10,Colorado River,1493,685208,Whitewater CDP,469,172,15500,9207,32187.50942,37257809.36,9206.605194,0.999957119
7,Polygon,1,1,North Coast,65,685600,Willits city,4853,2142,34186,3009,29602.44059,12176520.53,3008.883751,0.999961366
196,Polygon,4,4,South Coast,1496,685614,Willowbrook CDP,20897,4851,37760,1444,12941.79951,5842699.723,1443.762544,0.999835557
83,Polygon,1,1,North Coast,1497,685642,Willow Creek CDP,1425,752,35607,<Null>,120207.2003,139060171,34362.5166,#VALUE!
208,Polygon,5,5,Sacramento River,221,685684,Willows city,6118,2374,38730,3094,20436.72362,12519566.46,3093.652246,0.999887604
595,Polygon,7,7,Tulare Lake,1498,685866,Wilsonia CDP,0,0,0,272,4550.389642,1101059.944,272.077837,1.000286165
703,Polygon,10,10,Colorado River,1502,686020,Winterhaven CDP,151,105,21793,221,4830.269815,894243.3192,220.972337,0.999874828
463,Polygon,6,6,San Joaquin,1503,686076,Winton CDP,11774,2905,41091,3088,17811.76745,12496992.11,3088.074003,1.000023965
596,Polygon,7,7,Tulare Lake,1504,686174,Wofford Heights CDP,2043,992,30500,5893,36878.49293,23848550.38,5893.105139,1.000017841
478,Polygon,7,7,Tulare Lake,363,686300,Woodlake city,7452,2004,35509,2819,29195.55369,11407912.77,2818.956637,0.999984618
597,Polygon,7,7,Tulare Lake,1509,686482,Woodville CDP,1961,446,34750,4274,19443.90042,17294654.11,4273.602101,0.999906902
357,Polygon,5,5,Sacramento River,1511,686678,Yankee Hill CDP,242,156,33500,6524,24482.71654,26401432.17,6523.935967,0.999990185
598,Polygon,7,7,Tulare Lake,1512,686734,Yettem CDP,285,61,0,152,4848.285671,616221.2781,152.271594,1.001786803
464,Polygon,6,6,San Joaquin,1515,686912,Yosemite Valley CDP,877,140,37250,2174,17442.78178,8797960.077,2174.023281,1.000010709
18,Polygon,1,1,North Coast,319,686944,Yreka city,7675,3246,26385,11567,64014.32535,46807992.61,11566.50687,0.999957368
663,Polygon,10,10,Colorado River,367,687056,Yucca Valley town,21083,7941,43086,<Null>,64118.27877,151608261,37463.21718,#VALUE!